Date,Date,Actual_Price,Forecast_Price,Actual_Return,Forecast_Return
2024-03-11,2024-03-11,177.77000427246094,178.95494493046186,0.013858834181150304,
2024-03-12,2024-03-12,177.5399932861328,179.2604165081634,-0.0012938683737420131,
2024-03-13,2024-03-13,169.47999572753906,179.56640951814398,-0.04539820808488959,
2024-03-14,2024-03-14,162.5,179.87292485047539,-0.04118477639544138,
2024-03-15,2024-03-15,163.57000732421875,180.17996339674866,0.006584660456730784,
2024-03-18,2024-03-18,173.8000030517578,180.48752605007684,0.06254200201423088,
2024-03-19,2024-03-19,171.32000732421875,180.79561370509742,-0.014269250195585559,
2024-03-20,2024-03-20,175.66000366210938,181.10422725797505,0.025332688257929448,
2024-03-21,2024-03-21,172.82000732421875,181.41336760640414,-0.016167575308454918,
2024-03-22,2024-03-22,170.8300018310547,181.72303564961138,-0.01151490226146512,
2024-03-25,2024-03-25,172.6300048828125,182.03323228835845,0.010536808713131895,
2024-03-26,2024-03-26,177.6699981689453,182.34395842494462,0.029195349264770964,
2024-03-27,2024-03-27,179.8300018310547,182.65521496320935,0.012157391142962881,
2024-03-28,2024-03-28,175.7899932861328,182.96700280853491,-0.022465709302040393,
2024-04-01,2024-04-01,175.22000122070312,183.27932286784906,-0.003242460249155976,
2024-04-02,2024-04-02,166.6300048828125,183.59217604962768,-0.049024062767074494,
2024-04-03,2024-04-03,168.3800048828125,183.90556326389733,0.01050231020055925,
2024-04-04,2024-04-04,171.11000061035156,184.21948542223802,0.016213301154368365,
2024-04-05,2024-04-05,164.89999389648438,184.5339434377858,-0.036292482565110196,
2024-04-08,2024-04-08,172.97999572753906,184.8489382252354,0.04899940648952894,
2024-04-09,2024-04-09,176.8800048828125,185.1644707008429,0.02254601255405486,
2024-04-10,2024-04-10,171.75999450683594,185.48054178242847,-0.028946236061948905,
2024-04-11,2024-04-11,174.60000610351562,185.7971523893789,0.01653476762638495,
2024-04-12,2024-04-12,171.0500030517578,186.1143034426504,-0.020332204625772565,
2024-04-15,2024-04-15,161.47999572753906,186.43199586477118,-0.05594859487563397,
2024-04-16,2024-04-16,157.11000061035156,186.7502305798442,-0.027062145360474688,
2024-04-17,2024-04-17,155.4499969482422,187.0690085135499,-0.010565868854054306,
2024-04-18,2024-04-18,149.92999267578125,187.38833059314877,-0.03550983840996058,
2024-04-19,2024-04-19,147.0500030517578,187.70819774748412,-0.0192088959161848,
2024-04-22,2024-04-22,142.0500030517578,188.02861090698477,-0.03400203941675628,
2024-04-23,2024-04-23,144.67999267578125,188.3495710036678,0.018514534090260826,
2024-04-24,2024-04-24,162.1300048828125,188.67107897114113,0.12061109407252757,
2024-04-25,2024-04-25,170.17999267578125,188.99313574460643,0.04965143743002587,
2024-04-26,2024-04-26,168.2899932861328,189.31574226086167,-0.011105884774887609,
2024-04-29,2024-04-29,194.0500030517578,189.63889945830394,0.1530691710339953,
2024-04-30,2024-04-30,183.27999877929688,189.96260827693212,-0.05550118063944742,
2024-05-01,2024-05-01,179.99000549316406,190.28686965834967,-0.017950640048260635,
2024-05-02,2024-05-02,180.00999450683594,190.61168454576733,0.0001110562423569661,
2024-05-03,2024-05-03,181.19000244140625,190.9370538840059,0.006555235656792835,
2024-05-06,2024-05-06,184.75999450683597,191.26297861949894,0.01970303006416807,
2024-05-07,2024-05-07,177.80999755859375,191.58945970029555,-0.03761635178001199,
2024-05-08,2024-05-08,174.72000122070312,191.91649807606314,-0.017378079862311324,
2024-05-09,2024-05-09,171.97000122070312,192.24409469809015,-0.01573946875450305,
2024-05-10,2024-05-10,168.47000122070312,192.57225051928887,-0.02035238689978358,
2024-05-13,2024-05-13,171.88999938964844,192.9009664941982,0.020300339194899042,
2024-05-14,2024-05-14,177.5500030517578,193.2302435789864,0.03292805679333921,
2024-05-15,2024-05-15,173.99000549316406,193.56008273145386,-0.02005067585133169,
2024-05-16,2024-05-16,174.83999633789062,193.89048491103594,0.004885285464054867,
2024-05-17,2024-05-17,177.4600067138672,194.22145107880573,0.014985188920464187,
2024-05-20,2024-05-20,174.9499969482422,194.55298219747684,-0.014144086952910362,
2024-05-21,2024-05-21,186.6000061035156,194.88507923140622,0.0665905079079252,
2024-05-22,2024-05-22,180.11000061035156,195.21774314659694,-0.03478030697149992,
2024-05-23,2024-05-23,173.74000549316406,195.550974910701,-0.03536724832380789,
2024-05-24,2024-05-24,179.24000549316406,195.8847754930222,0.03165649721483632,
2024-05-28,2024-05-28,176.75,196.21914586451888,-0.01389201861667555,
2024-05-29,2024-05-29,176.19000244140625,196.55408699780676,-0.0031683030189180172,
2024-05-30,2024-05-30,178.7899932861328,196.88959986716188,0.014756744473008343,
2024-05-31,2024-05-31,178.0800018310547,197.22568544852325,-0.003971091681523098,
2024-06-03,2024-06-03,176.2899932861328,197.56234471949583,-0.0100517100545634,
2024-06-04,2024-06-04,174.77000427246094,197.8995786593533,-0.008622094682395387,
2024-06-05,2024-06-05,175.0,198.23738824904098,0.0013159908560766986,
2024-06-06,2024-06-06,177.94000244140625,198.5757744711786,0.01680001395089281,
2024-06-07,2024-06-07,177.47999572753906,198.9147383100632,-0.0025851787543875737,
2024-06-10,2024-06-10,173.7899932861328,199.25428075167204,-0.020791089307163446,
2024-06-11,2024-06-11,170.66000366210938,199.59440278366534,-0.018010183238054034,
2024-06-12,2024-06-12,177.2899932861328,199.9351053953893,0.03884911216309472,
2024-06-13,2024-06-13,182.47000122070312,200.27638957787883,0.029217711832219218,
2024-06-14,2024-06-14,178.00999450683594,200.61825632386058,-0.024442410719736185,
2024-06-17,2024-06-17,187.44000244140625,200.96070662775574,0.052974598199923895,
2024-06-18,2024-06-18,184.8600006103516,201.30374148568296,-0.013764414198944364,
2024-06-20,2024-06-20,181.57000732421875,201.64736189546124,-0.017797215597047944,
2024-06-21,2024-06-21,183.00999450683597,201.99156885661282,0.007930754665036233,
2024-06-24,2024-06-24,182.5800018310547,202.33636337036606,-0.0023495584322593688,
2024-06-25,2024-06-25,187.3500061035156,202.68174643965847,0.026125557150967094,
2024-06-26,2024-06-26,196.3699951171875,203.0277190691395,0.0481451226037759,
2024-06-27,2024-06-27,197.4199981689453,203.37428226517352,0.0053470646120412635,
2024-06-28,2024-06-28,197.8800048828125,203.72143703584274,0.002330091774560339,
2024-07-01,2024-07-01,209.8600006103516,204.06918439095017,0.06054171938510833,
2024-07-02,2024-07-02,231.25999450683597,204.4175253420225,0.10197271435359356,
2024-07-03,2024-07-03,246.38999938964844,204.766460902313,0.06542422054051045,
2024-07-05,2024-07-05,251.5200042724609,205.1159920868047,0.02082067005771493,
2024-07-08,2024-07-08,252.94000244140625,205.46611991221306,0.005645666924397386,
2024-07-09,2024-07-09,262.3299865722656,205.81684539698904,0.03712336538398886,
2024-07-10,2024-07-10,263.260009765625,206.16816956132215,0.003545241645880992,
2024-07-11,2024-07-11,241.02999877929688,206.52009342714328,-0.08444127539962887,
2024-07-12,2024-07-12,248.22999572753903,206.87261801812775,0.029871787680814554,
2024-07-15,2024-07-15,252.63999938964844,207.22574435969824,0.01776579679334911,
2024-07-16,2024-07-16,256.5599975585937,207.57947347902785,0.015516142251486453,
2024-07-17,2024-07-17,248.5,207.93380640504301,-0.03141564404151875,
2024-07-18,2024-07-18,249.22999572753903,208.2887441684265,0.002937608561525362,
2024-07-19,2024-07-19,239.1999969482422,208.64428780162044,-0.0402439471622098,
2024-07-22,2024-07-22,251.50999450683597,209.00043833882933,0.05146320115237035,
2024-07-23,2024-07-23,246.3800048828125,209.35719681602302,-0.020396762498772314,
2024-07-24,2024-07-24,215.9900054931641,209.71456427093975,-0.12334604589403686,
2024-07-25,2024-07-25,220.25,210.0725417430891,0.01972310939623889,
2024-07-26,2024-07-26,219.8000030517578,210.43113027375512,-0.0020431189477511102,
2024-07-29,2024-07-29,232.1000061035156,210.79033090599927,0.055959976710561854,
2024-07-30,2024-07-30,222.6199951171875,211.15014468466353,-0.04084450985365362,
2024-07-31,2024-07-31,232.07000732421875,211.51057265637337,0.04244907202543402,
2024-08-01,2024-08-01,216.8600006103516,211.87161586954082,-0.06554059651757438,
2024-08-02,2024-08-02,207.6699981689453,212.23327537436754,-0.04237758192170549,
2024-08-05,2024-08-05,198.8800048828125,212.59555222284783,-0.04232673647438423,
2024-08-06,2024-08-06,200.63999938964844,212.95844746877174,0.008849529684359148,
2024-08-07,2024-08-07,191.75999450683597,213.32196216772812,-0.044258397676563255,
2024-08-08,2024-08-08,198.83999633789065,213.68609737710767,0.036921162045623124,
2024-08-09,2024-08-09,200.0,214.05085415610606,0.005833854775063152,
2024-08-12,2024-08-12,197.4900054931641,214.4162335657269,-0.012549972534179554,
2024-08-13,2024-08-13,207.8300018310547,214.78223666878503,0.052357061371637315,
2024-08-14,2024-08-14,201.3800048828125,215.14886452990936,-0.0310349655555765,
2024-08-15,2024-08-15,214.13999938964844,215.5161182155462,0.06336276788880446,
2024-08-16,2024-08-16,216.1199951171875,215.88399879396215,0.009246267550119258,
2024-08-19,2024-08-19,222.72000122070312,216.2525073352474,0.030538618603692225,
2024-08-20,2024-08-20,221.1000061035156,216.62164491131873,-0.007273684933138069,
2024-08-21,2024-08-21,223.2700042724609,216.99141259592267,0.009814554993405888,
2024-08-22,2024-08-22,210.66000366210935,217.36181146463858,-0.056478704568676985,
2024-08-23,2024-08-23,220.32000732421875,217.73284259488182,0.0458558981020607,
2024-08-26,2024-08-26,213.2100067138672,218.10450706590686,-0.0322712435275504,
2024-08-27,2024-08-27,209.2100067138672,218.47680595881047,-0.018760845523390857,
2024-08-28,2024-08-28,205.75,218.8497403565348,-0.01653843794670573,
2024-08-29,2024-08-29,206.27999877929688,219.2233113438705,0.002575935743848623,
2024-08-30,2024-08-30,214.1100006103516,219.59752000746005,0.03795812428442069,
2024-09-03,2024-09-03,210.6000061035156,219.9723674358007,-0.01639341692041585,
2024-09-04,2024-09-04,219.41000366210935,220.34785471924775,0.04183284569452206,
2024-09-05,2024-09-05,230.1699981689453,220.72398295001776,0.04904058305110981,
2024-09-06,2024-09-06,210.72999572753903,221.10075322219163,-0.08445932396079381,
2024-09-09,2024-09-09,216.2700042724609,221.47816663171784,0.026289605928169646,
2024-09-10,2024-09-10,226.1699981689453,221.85622427641565,0.04577608406578748,
2024-09-11,2024-09-11,228.1300048828125,222.23492725597822,0.008666077418469476,
2024-09-12,2024-09-12,229.80999755859372,222.61427667197592,0.007364189890953776,
2024-09-13,2024-09-13,230.2899932861328,222.9942736278594,0.0020886633855723424,
2024-09-16,2024-09-16,226.77999877929688,223.37491922896297,-0.015241628421408637,
2024-09-17,2024-09-17,227.8699951171875,223.75621458250762,0.004806404196833203,
2024-09-18,2024-09-18,227.1999969482422,224.1381607976044,-0.0029402649901351108,
2024-09-19,2024-09-19,243.9199981689453,224.52075898525754,0.07359155565707187,
2024-09-20,2024-09-20,238.25,224.90401025836778,-0.02324531900421767,
2024-09-23,2024-09-23,250.0,225.2879157317355,0.04931794333683115,
2024-09-24,2024-09-24,254.2700042724609,225.67247652206407,0.017080017089843746,
2024-09-25,2024-09-25,257.0199890136719,226.057693747963,0.010815214909361659,
2024-09-26,2024-09-26,254.22000122070312,226.44356852995122,-0.01089404681602335,
2024-09-27,2024-09-27,260.4599914550781,226.83010199046043,0.024545630573566513,
2024-09-30,2024-09-30,261.6300048828125,227.21729525383827,0.004492104223754234,
2024-10-01,2024-10-01,258.0199890136719,227.60514944635156,-0.013798172234708361,
2024-10-02,2024-10-02,249.0200042724609,227.99366569618968,-0.03488095932262858,
2024-10-03,2024-10-03,240.66000366210935,228.38284513346778,-0.03357160254966751,
2024-10-04,2024-10-04,250.0800018310547,228.7726888902301,0.03914235030998836,
2024-10-07,2024-10-07,240.8300018310547,229.16319810045326,-0.03698816351676526,
2024-10-08,2024-10-08,244.5,229.55437390004948,0.015238957526229946,
2024-10-09,2024-10-09,241.0500030517578,229.94621742687008,-0.014110416966225725,
2024-10-10,2024-10-10,238.7700042724609,230.33872982070855,-0.009458613360014523,
2024-10-11,2024-10-11,217.8000030517578,230.73191222330402,-0.08782510719719294,
2024-10-14,2024-10-14,219.16000366210935,231.12576577834454,0.006244263504570968,
2024-10-15,2024-10-15,219.57000732421875,231.52029163147043,0.0018707960177877236,
2024-10-16,2024-10-16,221.3300018310547,231.91549093027754,0.008015641700267029,
2024-10-17,2024-10-17,220.88999938964844,232.3113648243207,-0.001987992760882462,
2024-10-18,2024-10-18,220.6999969482422,232.70791446511691,-0.0008601676940163117,
2024-10-21,2024-10-21,218.8500061035156,233.10514100614887,-0.008382378207102748,
2024-10-22,2024-10-22,217.97000122070312,233.5030456028682,-0.004021041161845984,
2024-10-23,2024-10-23,213.6499938964844,233.9016294126989,-0.019819274670942244,
2024-10-24,2024-10-24,260.4800109863281,234.30089359504055,0.21919035070290405,
2024-10-25,2024-10-25,269.19000244140625,234.7008393112719,0.03343823359841336,
2024-10-28,2024-10-28,262.510009765625,235.10146772475412,-0.024815158866218545,
2024-10-29,2024-10-29,259.5199890136719,235.50278000083418,-0.01139012091242797,
2024-10-30,2024-10-30,257.54998779296875,235.9047773068483,-0.007590942139718337,
2024-10-31,2024-10-31,249.8500061035156,236.3074608121253,-0.029897037679701866,
2024-11-01,2024-11-01,248.97999572753903,236.71083168799,-0.003482130697311736,
2024-11-04,2024-11-04,242.83999633789065,237.1148911077667,-0.024660613282231014,
2024-11-05,2024-11-05,251.44000244140625,237.51964024678247,0.03541429020427689,
2024-11-06,2024-11-06,288.5299987792969,237.92508028237063,0.14751032444224466,
2024-11-07,2024-11-07,296.9100036621094,238.33121239387424,0.02904379065700735,
2024-11-08,2024-11-08,321.2200012207031,238.7380377626494,0.08187665372925301,
2024-11-11,2024-11-11,350.0,239.14555757206884,0.08959591143118995,
2024-11-12,2024-11-12,328.489990234375,239.55377300752517,-0.06145717075892854,
2024-11-13,2024-11-13,330.239990234375,239.96268525643453,0.005327407385385952,
2024-11-14,2024-11-14,311.17999267578125,240.3722955082399,-0.05771559508909463,
2024-11-15,2024-11-15,320.7200012207031,240.78260495441458,0.030657525449785616,
2024-11-18,2024-11-18,338.739990234375,241.19361478846577,0.056186046847983784,
2024-11-19,2024-11-19,346.0,241.6053262059379,0.021432396454288627,
2024-11-20,2024-11-20,342.0299987792969,242.01774040441617,-0.011473991967350106,
2024-11-21,2024-11-21,339.6400146484375,242.43085858353004,-0.006987644766217049,
2024-11-22,2024-11-22,352.5599975585937,242.8446819449567,0.038040225983177356,
2024-11-25,2024-11-25,338.5899963378906,243.25921169242457,-0.03962446482142756,
2024-11-26,2024-11-26,338.2300109863281,243.67444903171682,-0.001063189566898104,
2024-11-27,2024-11-27,332.8900146484375,244.09039517067484,-0.015788061864523528,
2024-11-29,2024-11-29,345.1600036621094,244.50705131920176,0.03685898787510977,
2024-12-02,2024-12-02,357.0899963378906,244.92441868926605,0.034563659025395044,
2024-12-03,2024-12-03,351.4200134277344,245.3424984949049,-0.01587830229999254,
2024-12-04,2024-12-04,357.92999267578125,245.7612919522279,0.018524782309774723,
2024-12-05,2024-12-05,369.489990234375,246.18080027942045,0.03229681165351517,
2024-12-06,2024-12-06,389.2200012207031,246.6010246967474,0.053397958017247005,
2024-12-09,2024-12-09,389.7900085449219,247.02196642655656,0.0014644862094215227,
2024-12-10,2024-12-10,400.989990234375,247.44362669328223,0.02873337295448497,
2024-12-11,2024-12-11,424.7699890136719,247.8660067234488,0.05930322291934931,
2024-12-12,2024-12-12,418.1000061035156,248.28910774567433,-0.015702575706076027,
2024-12-13,2024-12-13,436.2300109863281,248.71293099067407,0.04336284290396253,
2024-12-16,2024-12-16,463.0199890136719,249.13747769126408,0.06141250567967771,
2024-12-17,2024-12-17,479.8599853515625,249.5627490823648,0.036369912179738284,
2024-12-18,2024-12-18,440.1300048828125,249.98874640100468,-0.0827949436951747,
2024-12-19,2024-12-19,436.1700134277344,250.41547088632367,-0.008997322180141931,
2024-12-20,2024-12-20,421.05999755859375,250.842923779577,-0.034642491239586515,
2024-12-23,2024-12-23,430.6000061035156,251.27110632413866,0.022657123925894362,
2024-12-24,2024-12-24,462.2799987792969,251.70001976550498,0.07357174228224572,
2024-12-26,2024-12-26,454.1300048828125,252.1296653512984,-0.017629994630971146,
2024-12-27,2024-12-27,431.6600036621094,252.56004433127097,-0.04947922616674816,
2024-12-30,2024-12-30,417.4100036621094,252.99115795730808,-0.03301209257078741,
2024-12-31,2024-12-31,403.8399963378906,253.42300748343203,-0.03251001941775111,
2025-01-02,2025-01-02,379.2799987792969,253.8555941658057,-0.06081615932376483,
2025-01-03,2025-01-03,410.4400024414063,254.28891926273624,0.08215567328200035,
2025-01-06,2025-01-06,411.0499877929688,254.72298403467863,0.0014861742226248698,
2025-01-07,2025-01-07,394.3599853515625,255.1577897442395,-0.040603340073111616,
2025-01-08,2025-01-08,394.9400024414063,255.59333765618067,0.0014707807875760093,
2025-01-10,2025-01-10,394.739990234375,256.02962903742286,-0.0005064369418009695,
2025-01-13,2025-01-13,403.30999755859375,256.4666651570495,0.021710512074366584,
2025-01-14,2025-01-14,396.3599853515625,256.9044472863101,-0.017232432245921525,
2025-01-15,2025-01-15,428.2200012207031,257.34297669862434,0.08038151439752794,
2025-01-16,2025-01-16,413.8200073242188,257.7822546695856,-0.03362756026209668,
2025-01-17,2025-01-17,426.5,258.22228247696455,0.030641323404759113,
2025-01-21,2025-01-21,424.0700073242188,258.6630614007131,-0.0056975209279747085,
2025-01-22,2025-01-22,415.1099853515625,259.10459272296794,-0.02112863871036752,
2025-01-23,2025-01-23,412.3800048828125,259.5468777280543,-0.006576523247056931,
2025-01-24,2025-01-24,406.5799865722656,259.9899177024898,-0.014064741844588391,
2025-01-27,2025-01-27,397.1499938964844,260.433713934988,-0.023193450212053546,
2025-01-28,2025-01-28,398.0899963378906,260.87826771646246,0.0023668700890153715,
2025-01-29,2025-01-29,389.1000061035156,261.3235803400301,-0.02258280870425211,
2025-01-30,2025-01-30,400.2799987792969,261.7696531010153,0.028732954254456988,
2025-01-31,2025-01-31,404.6000061035156,262.2164872969534,0.010792463618949588,
2025-02-03,2025-02-03,383.6799926757813,262.6640842275947,-0.05170542044525328,
2025-02-04,2025-02-04,392.2099914550781,263.11244519490805,0.02223206563315605,
2025-02-05,2025-02-05,378.1700134277344,263.56157150308485,-0.035797094243459227,
2025-02-06,2025-02-06,374.3200073242188,264.0114644585426,-0.010180622383618165,
2025-02-07,2025-02-07,361.6199951171875,264.46212536992886,-0.03392822173149601,
2025-02-10,2025-02-10,350.7300109863281,264.9135555481251,-0.030114441341470455,
2025-02-11,2025-02-11,328.5,265.3657563062503,-0.06338211812502892,
2025-02-12,2025-02-12,336.510009765625,265.818728959665,0.0243835913717656,
2025-02-13,2025-02-13,355.94000244140625,266.272474825975,0.05773971683431944,
2025-02-14,2025-02-14,355.8399963378906,266.7269952250352,-0.0002809633725618932,
2025-02-18,2025-02-18,354.1099853515625,267.1822914789534,-0.004861766535893763,
2025-02-19,2025-02-19,360.55999755859375,267.63836491209435,0.018214714280444966,
2025-02-20,2025-02-20,354.3999938964844,268.09521685108336,-0.01708454543992588,
2025-02-21,2025-02-21,337.79998779296875,268.55284862481034,-0.046839747148427646,
2025-02-24,2025-02-24,330.5299987792969,269.0112615644334,-0.021521578674915554,
2025-02-25,2025-02-25,302.79998779296875,269.47045700338316,-0.0838955952220366,
2025-02-26,2025-02-26,290.79998779296875,269.93043627736614,-0.039630120487999076,
2025-02-27,2025-02-27,281.95001220703125,270.391200724369,-0.030433204805490277,
2025-02-28,2025-02-28,292.9800109863281,270.8527516846623,0.03912040539724382,
2025-03-03,2025-03-03,284.6499938964844,271.31509050080433,-0.02843203214376444,
2025-03-04,2025-03-04,272.0400085449219,271.7782185176452,-0.04429996705409467,
2025-03-05,2025-03-05,279.1000061035156,272.2421370823306,0.025952056083059283,
2025-03-06,2025-03-06,263.45001220703125,272.7068475443058,-0.056073068986891905,
2025-03-07,2025-03-07,262.6700134277344,273.1723512553194,-0.0029607088371812473,
2025-03-10,2025-03-10,222.1499938964844,273.6386495694276,-0.1542620682219511,
2025-03-11,2025-03-11,230.5800018310547,274.1057438429978,0.037947369642955975,
2025-03-12,2025-03-12,248.08999633789065,274.57363543471274,0.07593891216839133,
2025-03-13,2025-03-13,240.67999267578125,275.0423257055744,-0.02986820819658209,
2025-03-14,2025-03-14,249.97999572753903,275.5118160189079,0.038640532386444715,
2025-03-17,2025-03-17,238.00999450683597,275.98210774036556,-0.04788383640805216,
2025-03-18,2025-03-18,225.30999755859372,276.4532022379309,-0.05335909096824709,
2025-03-19,2025-03-19,235.8600006103516,276.9251008819224,0.04682438935722,
2025-03-20,2025-03-20,236.25999450683597,277.39780504499777,0.0016958954271570903,
2025-03-21,2025-03-21,248.7100067138672,277.8713161021578,0.052696235065183616,
2025-03-24,2025-03-24,278.3900146484375,278.3456354307503,0.11933580126800525,
2025-03-25,2025-03-25,288.1400146484375,278.8207644104742,0.03502280788451673,
2025-03-26,2025-03-26,272.0599975585937,279.2967044233837,-0.05580626179068948,
2025-03-27,2025-03-27,273.1300048828125,279.77345685389184,0.003932982922226103,
2025-03-28,2025-03-28,263.54998779296875,280.251023088775,-0.03507493471452938,
2025-03-31,2025-03-31,259.1600036621094,280.7294045171768,-0.016657121359109794,
2025-04-01,2025-04-01,268.4599914550781,281.208602530612,0.035885119854736525,
2025-04-02,2025-04-02,282.760009765625,281.68861852297056,0.05326685079977622,
2025-04-03,2025-04-03,267.2799987792969,282.16945389052194,-0.05474611137253549,
2025-04-04,2025-04-04,239.42999267578125,282.6511100319189,-0.10419786826814681,
2025-04-07,2025-04-07,233.2899932861328,283.1335883482018,-0.025644236634809525,
2025-04-08,2025-04-08,221.8600006103516,283.6168902428023,-0.048994783337158454,
2025-04-09,2025-04-09,272.20001220703125,284.1010171215479,0.22689989839624514,
2025-04-10,2025-04-10,252.3999938964844,284.5859703926657,-0.07274069589492616,
2025-04-11,2025-04-11,252.30999755859372,285.07175146678657,-0.0003565623615965352,
2025-04-14,2025-04-14,252.3500061035156,285.55836175694947,0.00015856900364230597,
2025-04-15,2025-04-15,254.1100006103516,286.04580267860524,0.006974418324816822,
2025-04-16,2025-04-16,241.5500030517578,286.5340756496209,-0.049427403598542696,
2025-04-17,2025-04-17,241.3699951171875,287.0231820902837,-0.0007452201709629014,
2025-04-21,2025-04-21,227.5,287.5131234233053,-0.05746362595919796,
2025-04-22,2025-04-22,237.97000122070312,288.0039010738259,0.04602198338770602,
2025-04-23,2025-04-23,250.7400054931641,288.49551646941836,0.05366224400956132,
2025-04-24,2025-04-24,259.510009765625,288.9879710400924,0.0349764859229853,
2025-04-25,2025-04-25,284.95001220703125,289.4812662182988,0.09803091011549903,
2025-04-28,2025-04-28,285.8800048828125,289.9754034389333,0.0032637046356942534,
2025-04-29,2025-04-29,292.0299987792969,290.47038413934115,0.021512501019458785,
2025-04-30,2025-04-30,282.1600036621094,290.96620975932103,-0.03379788089732105,
2025-05-01,2025-05-01,280.5199890136719,291.46288174112937,-0.005812356915055328,
2025-05-02,2025-05-02,287.2099914550781,291.96040152948444,0.023848576584252656,
2025-05-05,2025-05-05,280.260009765625,292.45877057157065,-0.024198258752220814,
2025-05-06,2025-05-06,275.3500061035156,292.9579903170427,-0.017519458684867262,
2025-05-07,2025-05-07,276.2200012207031,293.4580622180298,0.003159597232260225,
2025-05-08,2025-05-08,284.82000732421875,293.95898772913995,0.031134624811778533,
2025-05-09,2025-05-09,298.260009765625,294.46076830746404,0.04718770485146129,
2025-05-12,2025-05-12,318.3800048828125,294.9634054125803,0.06745790403815088,
2025-05-13,2025-05-13,334.07000732421875,295.4669005065583,0.049280740626853614,
2025-05-14,2025-05-14,347.67999267578125,295.9712550539635,0.04073991993646375,
2025-05-15,2025-05-15,342.82000732421875,296.47647052186113,-0.013978329078298546,
2025-05-16,2025-05-16,349.9800109863281,296.9825483798208,0.0208856061756566,
2025-05-19,2025-05-19,342.0899963378906,297.48949009992054,-0.022544186527114873,
2025-05-20,2025-05-20,343.82000732421875,297.9972971567513,0.005057180873010214,
2025-05-21,2025-05-21,334.6199951171875,298.505971027421,-0.026758222357769146,
2025-05-22,2025-05-22,341.0400085449219,299.0155131915591,0.019185982671137136,
2025-05-23,2025-05-23,339.3399963378906,299.52592513132055,-0.004984788190348977,
2025-05-27,2025-05-27,362.8900146484375,300.03720833139045,0.06939947711644767,
2025-05-28,2025-05-28,356.8999938964844,300.54936427898815,-0.016506435862546853,
2025-05-29,2025-05-29,358.42999267578125,301.06239446387167,0.004286911755287504,
2025-05-30,2025-05-30,346.4599914550781,301.576300378342,-0.03339564619395741,
2025-06-02,2025-06-02,342.69000244140625,302.0910835172475,-0.01088145559849063,
2025-06-03,2025-06-03,344.2699890136719,302.60674537798815,0.004610541775392996,
2025-06-04,2025-06-04,332.04998779296875,303.1232874605199,-0.03549540073392177,
2025-06-05,2025-06-05,284.70001220703125,303.6407112673592,-0.14259893789082123,
2025-06-06,2025-06-06,295.1400146484375,304.15901830358723,0.036670186138995975,
2025-06-09,2025-06-09,308.5799865722656,304.6782100768542,0.04553761352840424,
2025-06-10,2025-06-10,326.0899963378906,305.198288097384,0.05674382827003055,
2025-06-11,2025-06-11,326.42999267578125,305.71925387797836,0.0010426457165473302,
2025-06-12,2025-06-12,319.1099853515625,306.24110893402127,-0.022424432461661592,
2025-06-13,2025-06-13,325.3099975585937,306.7638547834835,0.019429076154419578,
2025-06-16,2025-06-16,329.1300048828125,307.287492946927,0.011742668079331775,
2025-06-17,2025-06-17,316.3500061035156,307.81202494750914,-0.03882963749794621,
2025-06-18,2025-06-18,322.04998779296875,308.33745231098743,0.0180179597897272,
2025-06-20,2025-06-20,322.1600036621094,308.86377656572375,0.0003416111576173275,
2025-06-23,2025-06-23,348.67999267578125,309.3909992426889,0.0823193093872907,
2025-06-24,2025-06-24,340.4700012207031,309.9191218754669,-0.023545920693855638,
2025-06-25,2025-06-25,327.54998779296875,310.4481460002596,-0.037947582404945,
2025-06-26,2025-06-26,325.7799987792969,310.97807315589125,-0.0054037218123500486,
2025-06-27,2025-06-27,323.6300048828125,311.50890488381265,-0.006599526995335614,
2025-06-30,2025-06-30,317.6600036621094,312.04064272810587,-0.018446995428822777,
2025-07-01,2025-07-01,300.7099914550781,312.5732882354887,-0.05335897504131726,
2025-07-02,2025-07-02,315.6499938964844,313.10684295531917,0.04968242780731846,
2025-07-03,2025-07-03,315.3500061035156,313.6413084396,-0.0009503811144286889,
2025-07-07,2025-07-07,293.94000244140625,314.1766862429831,-0.06789282780315342,
2025-07-08,2025-07-08,297.8099975585937,314.71297792277426,0.013165935514200422,
2025-07-09,2025-07-09,295.8800048828125,315.25018503893733,-0.0064806174796112614,
2025-07-10,2025-07-10,309.8699951171875,315.7883091540992,0.0472826483827995,
2025-07-11,2025-07-11,313.510009765625,316.32735183355396,0.01174690904506881,
2025-07-14,2025-07-14,316.8999938964844,316.86731464526775,0.010813001260769006,
2025-07-15,2025-07-15,310.7799987792969,317.40819915988317,-0.01931207079538977,
2025-07-16,2025-07-16,321.6700134277344,317.9500069507238,0.03504091219258654,
2025-07-17,2025-07-17,319.4100036621094,318.4927395937988,-0.007025863995037018,
2025-07-18,2025-07-18,329.6499938964844,319.03639866780765,0.03205907804067243,
2025-07-21,2025-07-21,328.489990234375,319.5809857541446,-0.0035188948387289143,
2025-07-22,2025-07-22,332.1099853515625,320.1265024369033,0.0110201078413521,
2025-07-23,2025-07-23,332.5599975585937,320.67295030288136,0.0013550095657461902,
2025-07-24,2025-07-24,305.29998779296875,321.2203309415851,-0.08197020076301276,
2025-07-25,2025-07-25,316.0599975585937,321.76864594523397,0.0352440556693423,
2025-07-28,2025-07-28,325.5899963378906,322.3178969087654,0.030152499060024818,
2025-07-29,2025-07-29,321.20001220703125,322.86808542983937,-0.013483166498468035,
2025-07-30,2025-07-30,319.0400085449219,323.4192131088429,-0.006724793213012448,
2025-07-31,2025-07-31,308.2699890136719,323.97128154889486,-0.03375758288237862,
2025-08-01,2025-08-01,302.6300048828125,324.52429235585066,-0.01829559909125389,
2025-08-04,2025-08-04,309.260009765625,325.07824713830684,0.021907956170373222,
2025-08-05,2025-08-05,308.7200012207031,325.63314750760577,-0.0017461311772288823,
2025-08-06,2025-08-06,319.9100036621094,326.1889950778404,0.03624644466558724,
2025-08-07,2025-08-07,322.2699890136719,326.74579146585876,0.007377028928595486,
2025-08-08,2025-08-08,329.6499938964844,327.3035382912689,0.02290006868278205,
2025-08-11,2025-08-11,339.0299987792969,327.8622371764435,0.02845443669493286,
2025-08-12,2025-08-12,340.8399963378906,328.4218897465245,0.005338753399730889,
2025-08-13,2025-08-13,339.3800048828125,328.9824976294281,-0.004283509772223915,
2025-08-14,2025-08-14,335.5799865722656,329.5440624558491,-0.011196942235471519,
2025-08-15,2025-08-15,330.5599975585937,330.106585859266,-0.0149591430196655,
2025-08-18,2025-08-18,335.1600036621094,330.67006947594547,0.013915797850586165,
2025-08-19,2025-08-19,329.3099975585937,331.2345149449474,-0.017454368181154867,
2025-08-20,2025-08-20,323.8999938964844,331.7999239081295,-0.016428300696053832,
2025-08-21,2025-08-21,320.1099853515625,332.3662980101519,-0.011701168929731831,
2025-08-22,2025-08-22,340.010009765625,332.9336388984824,0.062166209505171155,
2025-08-25,2025-08-25,346.6000061035156,333.50194822340075,0.019381771561470362,
2025-08-26,2025-08-26,351.6700134277344,334.0712276380038,0.01462783391499567,
2025-08-27,2025-08-27,349.6000061035156,334.6414787982102,-0.0058862207330171445,
2025-08-28,2025-08-28,345.9800109863281,335.2127033627652,-0.010354676927882056,
2025-08-29,2025-08-29,333.8699951171875,335.7849029932454,-0.03500206799409333,
2025-09-02,2025-09-02,329.3599853515625,336.3580793540638,-0.01350828116207925,
2025-09-03,2025-09-03,334.0899963378906,336.9322341124745,0.014361219324440011,
2025-09-04,2025-09-04,338.5299987792969,337.50736893857743,0.01328983953448204,
2025-09-05,2025-09-05,350.8399963378906,338.08348550532344,0.036363092201525005,
2025-09-08,2025-09-08,346.3999938964844,338.6605854885191,-0.01265534855703887,
2025-09-09,2025-09-09,346.9700012207031,339.2386705668314,0.001645517708609212,
2025-09-10,2025-09-10,347.7900085449219,339.8177424217929,0.0023633378140295314,
2025-09-11,2025-09-11,368.80999755859375,340.3978027378065,0.06043873744853956,
2025-09-12,2025-09-12,395.9400024414063,340.9788532021502,0.0735609258490948,
2025-09-15,2025-09-15,410.0400085449219,341.56089550498234,0.03561147147692445,
2025-09-16,2025-09-16,421.6199951171875,342.1439313393461,0.028241113869250656,
2025-09-17,2025-09-17,425.8599853515625,342.7279624011748,0.01005642588937583,
2025-09-18,2025-09-18,416.8500061035156,343.3129903892966,-0.021157139806429193,
2025-09-19,2025-09-19,426.0700073242188,343.8990170054396,0.022118270566640286,
2025-09-22,2025-09-22,434.2099914550781,344.48604395423655,0.01910480435358397,
2025-09-23,2025-09-23,425.8500061035156,345.07407294323014,-0.019253323313789705,
2025-09-24,2025-09-24,442.7900085449219,345.66310568287764,0.03977927016229388,
2025-09-25,2025-09-25,423.3900146484375,346.2531438865562,-0.04381307961359793,
2025-09-26,2025-09-26,440.3999938964844,346.8441892705675,0.0401756741055197,
2025-09-29,2025-09-29,443.2099914550781,347.43624355414295,0.00638055766924972,
2025-09-30,2025-09-30,444.7200012207031,348.0293084594487,0.0034069849388267404,
2025-10-01,2025-10-01,459.4599914550781,348.6233857115906,0.033144428390707636,
2025-10-02,2025-10-02,436.0,349.218477038619,-0.051059922281332826,
2025-10-03,2025-10-03,429.8299865722656,349.8145841715343,-0.014151406944344913,
2025-10-06,2025-10-06,453.25,350.4117088442915,0.054486690457546505,
2025-10-07,2025-10-07,433.0899963378906,351.00985279380546,-0.044478772558432134,
2025-10-08,2025-10-08,438.6900024414063,351.60901775995586,0.012930352007361146,
2025-10-09,2025-10-09,435.5400085449219,352.20920548559235,-0.007180455170972766,
2025-10-10,2025-10-10,413.489990234375,352.81041771653963,-0.05062684914805626,
2025-10-13,2025-10-13,435.8999938964844,353.4126562016024,0.054197209585187034,
2025-10-14,2025-10-14,429.239990234375,354.0159226925705,-0.015278742269702716,
2025-10-15,2025-10-15,435.1499938964844,354.6202189442241,0.013768529951932784,
2025-10-16,2025-10-16,428.75,355.2255467143388,-0.01470755828163206,
2025-10-17,2025-10-17,439.30999755859375,355.83190776369054,0.02462973191508744,
2025-10-20,2025-10-20,447.4299926757813,356.4393038560609,0.018483519979771268,
2025-10-21,2025-10-21,442.6000061035156,357.0477367582423,-0.010794954856246375,
2025-10-22,2025-10-22,438.9700012207031,357.65720824004285,-0.008201547294971134,
2025-10-23,2025-10-23,448.9800109863281,358.2677200742918,0.022803402824313368,
2025-10-24,2025-10-24,433.7200012207031,358.8792740368445,-0.03398817183887881,
2025-10-27,2025-10-27,452.4200134277344,359.49187190658773,0.043115401997602554,
2025-10-28,2025-10-28,460.5499877929688,360.1055154654447,0.017969970655449474,
2025-10-29,2025-10-29,461.510009765625,360.7202064983804,0.0020845119924044475,
2025-10-30,2025-10-30,440.1000061035156,361.3359467934066,-0.04639120107705208,
2025-10-31,2025-10-31,456.55999755859375,361.9527381415873,0.03740057084027071,
2025-11-03,2025-11-03,468.3699951171875,362.5705823370437,0.02586735066967427,
2025-11-04,2025-11-04,444.260009765625,363.1894811769595,-0.05147636612701911,
2025-11-05,2025-11-05,462.0700073242188,363.8094364615862,0.040089130615176716,
2025-11-06,2025-11-06,445.9100036621094,364.43044999424836,-0.03497306340156048,
2025-11-07,2025-11-07,429.5199890136719,365.0525235813486,-0.03675632866235745,
2025-11-10,2025-11-10,445.2300109863281,365.6756590323732,0.03657576451501576,
2025-11-11,2025-11-11,439.6199951171875,366.299858159897,-0.01260026442672324,
2025-11-12,2025-11-12,430.6000061035156,366.925122779589,-0.02051769508633805,
2025-11-13,2025-11-13,401.989990234375,367.5514547102175,-0.06644220962287406,
2025-11-14,2025-11-14,404.3500061035156,368.1788557736553,0.005870832424868633,
2025-11-17,2025-11-17,408.9200134277344,368.80732779488517,0.011302107716671506,
2025-11-18,2025-11-18,401.25,369.436872602005,-0.018756757252943457,
2025-11-19,2025-11-19,403.989990234375,370.0674920262333,0.006828636098130891,
2025-11-20,2025-11-20,395.2300109863281,370.69918790191434,-0.02168365419886953,
2025-11-21,2025-11-21,391.0899963378906,371.33196206652366,-0.010474950113494086,
2025-11-24,2025-11-24,417.7799987792969,371.9658163606732,0.0682451678419993,
2025-11-25,2025-11-25,419.3999938964844,372.6007526281169,0.0038776272725380423,
2025-11-26,2025-11-26,426.5799865722656,373.2367727157558,0.017119677587676296,
2025-11-28,2025-11-28,430.1700134277344,373.87387847364374,0.008415835173881447,
2025-12-01,2025-12-01,430.1400146484375,374.51207175499235,-6.973703038437584e-05,
2025-12-02,2025-12-02,429.239990234375,375.15135441617684,-0.0020923987153301793,
2025-12-03,2025-12-03,446.739990234375,375.79172831674106,0.04076973347810542,
2025-12-04,2025-12-04,454.5299987792969,376.4331953194031,0.017437455153354264,
2025-12-05,2025-12-05,455.0,377.0757572900608,0.0010340378456106247,
2025-12-08,2025-12-08,439.5799865722656,377.71941609779674,-0.033890139401614006,
2025-12-09,2025-12-09,445.1700134277344,378.36417361488424,0.01271674558948499,
2025-12-10,2025-12-10,451.4500122070313,379.01003171679247,0.01410696720325344,
2025-12-11,2025-12-11,446.8900146484375,379.6569922821919,-0.010100780674035303,
2025-12-12,2025-12-12,458.9599914550781,380.3050571929599,0.027008830833098685,
2025-12-15,2025-12-15,475.30999755859375,380.95422833418627,0.035624033484225714,
2025-12-16,2025-12-16,489.8800048828125,381.6045075941784,0.030653694218629735,
2025-12-17,2025-12-17,467.260009765625,382.2558968644671,-0.04617456293730249,
2025-12-18,2025-12-18,483.3699951171875,382.90839803981197,0.034477560704677446,
2025-12-19,2025-12-19,481.2000122070313,383.56201301820687,-0.004489279293453219,
2025-12-22,2025-12-22,488.7300109863281,384.21674370088556,0.015648376118613028,
2025-12-23,2025-12-23,485.55999755859375,384.8725919923271,-0.00648622625268469,
2025-12-24,2025-12-24,485.3999938964844,385.52955980026144,-0.00032952397832164415,
2025-12-26,2025-12-26,475.1900024414063,386.187649035675,-0.021034181259704465,
2025-12-29,2025-12-29,459.6400146484375,386.8468616128162,-0.032723726747357684,
2025-12-30,2025-12-30,454.4299926757813,387.5071994492011,-0.01133500523587172,
2025-12-31,2025-12-31,449.7200012207031,388.16866446561875,-0.010364613980130888,
2026-01-02,2026-01-02,438.0700073242188,388.8312585861371,-0.02590499391813128,
2026-01-05,2026-01-05,451.6700134277344,389.4949837381084,0.031045280151877908,
2026-01-06,2026-01-06,432.9599914550781,390.15984185217474,-0.041424095947095174,
2026-01-07,2026-01-07,431.4100036621094,390.8258348622739,-0.0035799792672750463,
2026-01-08,2026-01-08,435.7999877929688,391.49296470564474,0.01017589785492734,
2026-01-09,2026-01-09,445.010009765625,392.161233322833,0.02113359850994656,
2026-01-12,2026-01-12,448.9599914550781,392.8306426576969,0.00887616368794375,
2026-01-13,2026-01-13,447.2000122070313,393.5011946574127,-0.003920124914344236,
2026-01-14,2026-01-14,439.2000122070313,394.1728912724805,-0.017889087168218576,
2026-01-15,2026-01-15,438.5700073242188,394.8457344567299,-0.0014344373071545347,
2026-01-16,2026-01-16,437.5,395.5197261673254,-0.0024397640202235005,
2026-01-20,2026-01-20,419.25,396.19486836477273,-0.041714285714285704,
2026-01-21,2026-01-21,431.4400024414063,396.8711630129238,0.02907573629435012,
2026-01-22,2026-01-22,449.3599853515625,397.5486120789829,0.041535283721378935,
2026-01-23,2026-01-23,449.05999755859375,398.2272175335123,-0.0006675890216037983,
2026-01-26,2026-01-26,435.2000122070313,398.906981350438,-0.030864440001146964,
2026-01-27,2026-01-27,430.8999938964844,399.5879055070553,-0.009880556502607218,
2026-01-28,2026-01-28,431.4599914550781,400.2699919840349,0.0012995998294869082,
2026-01-29,2026-01-29,416.55999755859375,400.9532427654283,-0.03453389466363932,
2026-01-30,2026-01-30,430.4100036621094,401.6376598386737,0.033248526466028494,
2026-02-02,2026-02-02,421.80999755859375,402.32324519460195,-0.019980962408733927,
2026-02-03,2026-02-03,421.9599914550781,403.0100008274421,0.0003555958781265023,
2026-02-04,2026-02-04,406.010009765625,403.69792873482737,-0.03779974882085746,
2026-02-05,2026-02-05,397.2099914550781,404.3870309178008,-0.02167438757390938,
2026-02-06,2026-02-06,411.1099853515625,405.0773093808212,0.03499406912088299,
2026-02-09,2026-02-09,417.3200073242188,405.7687661317689,0.015105500216312517,
2026-02-10,2026-02-10,425.2099914550781,406.4614031819518,0.018906316477488083,
2026-02-11,2026-02-11,428.2699890136719,407.15522254611085,0.00719643851293883,
2026-02-12,2026-02-12,417.0700073242188,407.8502262424262,-0.02615168463063966,
2026-02-13,2026-02-13,417.4400024414063,408.5464162925229,0.0008871295242764976,
2026-02-17,2026-02-17,410.6300048828125,409.24379472147706,-0.016313715788533467,
2026-02-18,2026-02-18,411.3200073242188,409.94236355782135,0.0016803507615164026,
2026-02-19,2026-02-19,411.7099914550781,410.6421248335512,0.0009481282794783219,
2026-02-20,2026-02-20,411.8200073242188,411.3430805841305,0.0002672169037041261,
2026-02-23,2026-02-23,399.8299865722656,412.0452328484978,-0.029114711618451472,
2026-02-24,2026-02-24,409.3800048828125,412.7485836690719,0.023885197787236967,
2026-02-25,2026-02-25,417.3999938964844,413.45313509175793,0.019590573349979934,
2026-02-26,2026-02-26,408.5799865722656,414.15888916595355,-0.021130827631028026,
2026-02-27,2026-02-27,402.510009765625,414.8658479445545,-0.014856275407819197,
2026-03-02,2026-03-02,403.3200073242188,415.5740134839608,0.00201236624914114,
2026-03-03,2026-03-03,392.4299926757813,416.28338784408277,-0.027000928420799375,
2026-03-04,2026-03-04,405.9400024414063,416.9939730883468,0.03442654745501761,
2026-03-05,2026-03-05,405.5499877929688,417.70577128370167,-0.0009607691927178141,
2026-03-06,2026-03-06,396.7300109863281,418.4187845006242,-0.021748186591348695,
2026-03-09,2026-03-09,398.6799926757813,419.13301481312567,0.004915135319874642,
2026-03-10,2026-03-10,399.239990234375,419.84846429875745,0.0014046291985589932,
2026-03-11,2026-03-11,407.8200073242188,420.56513503861737,0.02149087591352483,
2026-03-12,2026-03-12,395.010009765625,421.2830291173556,-0.03141091003024232,
2026-03-13,2026-03-13,391.2000122070313,422.00214862318074,-0.009645319015723963,
2026-03-16,2026-03-16,395.55999755859375,422.7224956478659,0.011145156481373153,
2026-03-17,2026-03-17,399.2699890136719,423.4440722867549,0.00937908655570907,
2026-03-18,2026-03-18,392.7799987792969,424.1668806387681,-0.016254640751756533,
2026-03-19,2026-03-19,380.2999877929688,424.8909228064087,-0.03177353995904608,
2026-03-20,2026-03-20,367.9599914550781,425.61620089576894,-0.032448058727281515,
2026-03-23,2026-03-23,380.8500061035156,426.342717016536,0.035031022251806876,
2026-03-24,2026-03-24,383.0299987792969,427.0704732819983,0.005724019012326664,
2026-03-25,2026-03-25,385.9500122070313,427.7994718090515,0.007623458833617258,
2026-03-26,2026-03-26,372.1099853515625,428.52971471820484,-0.03585963575004303,
2026-03-27,2026-03-27,361.8299865722656,429.26120413358717,-0.027626237359861583,
2026-03-30,2026-03-30,355.2799987792969,429.99394218295316,-0.018102390725044493,
2026-03-31,2026-03-31,371.75,430.72793099768955,0.04635780589195071,
2026-04-01,2026-04-01,381.260009765625,431.4631727128213,0.025581734406523227,
2026-04-02,2026-04-02,360.5899963378906,432.19966946701777,-0.05421500524128142,
2026-04-06,2026-04-06,352.82000732421875,432.937423402599,-0.021547988276388597,
2026-04-07,2026-04-07,346.6499938964844,433.6764366655419,-0.017487708462248674,
2026-04-08,2026-04-08,343.25,434.4167114054865,-0.009808146419583275,
2026-04-09,2026-04-09,345.6199951171875,435.1582497757423,0.006904574267115882,
2026-04-10,2026-04-10,348.95001220703125,435.9010539332943,0.009634908676839249,
2026-04-13,2026-04-13,352.4200134277344,436.6451260388095,0.009944121218842028,
2026-04-14,2026-04-14,364.2000122070313,437.3904682566431,0.033426021027357145,
2026-04-15,2026-04-15,391.9500122070313,438.1370827548448,0.07619439612820589,
2026-04-16,2026-04-16,388.8999938964844,438.8849717051651,-0.007781651270713286,
2026-04-17,2026-04-17,400.6199951171875,439.63413728306165,0.03013628543234881,
2026-04-20,2026-04-20,392.5,440.38458166770545,-0.02026857175416885,
2026-04-21,2026-04-21,386.4200134277344,441.13630704198744,-0.015490411649084379,
2026-04-22,2026-04-22,387.510009765625,441.8893155925246,0.0028207553957204645,
2026-04-23,2026-04-23,373.7200012207031,442.6436095096664,-0.03558619957523779,
2026-04-24,2026-04-24,376.2999877929688,443.3991909875013,0.0069035282132037246,
2026-04-27,2026-04-27,378.6700134277344,444.1560622238629,0.0062982346841571335,
2026-04-28,2026-04-28,376.0199890136719,444.9142254203364,-0.006998242057971282,
2026-04-29,2026-04-29,372.7999877929688,445.6736827822652,-0.008563377785179349,
2026-04-30,2026-04-30,381.6300048828125,446.4344365187571,0.023685668935019777,
2026-05-01,2026-05-01,390.8200073242188,447.19648884269077,0.024080922159745555,
2026-05-04,2026-05-04,392.510009765625,447.9598419707222,0.004324247504565948,
2026-05-05,2026-05-05,389.3699951171875,448.7244981232912,-0.007999833304410453,
2026-05-06,2026-05-06,398.7300109863281,449.4904595246278,0.024038873016714035,
2026-05-07,2026-05-07,411.7900085449219,450.2577284027587,0.03275398690529352,
2026-05-08,2026-05-08,428.3500061035156,451.02630698951384,0.040214665764012114,
2026-05-11,2026-05-11,445.0,451.7961975205328,0.038870068073398656,
2026-05-12,2026-05-12,433.4500122070313,452.56740223527135,-0.02595502874824429,
2026-05-13,2026-05-13,445.2699890136719,453.33992337700795,0.027269526989873283,
2026-05-14,2026-05-14,443.2999877929688,454.1137631928503,-0.004424284747029272,
2026-05-15,2026-05-15,422.239990234375,454.8889239337418,-0.04750732717915007,
2026-05-18,2026-05-18,409.989990234375,455.66540785446824,-0.029011937010514632,
2026-05-19,2026-05-19,404.1099853515625,456.44321721366424,-0.014341825466156255,
2026-05-20,2026-05-20,417.260009765625,457.2223542738198,0.0325407064678751,
2026-05-21,2026-05-21,417.8500061035156,458.002821301287,0.0014139776735901943,
2026-05-22,2026-05-22,426.010009765625,458.7846205662865,0.019528547428303344,
2026-05-26,2026-05-26,433.5899963378906,459.5677543429141,0.017792977626126305,
2026-05-27,2026-05-27,440.3599853515625,460.3522249091476,0.015613803526030035,
2026-05-28,2026-05-28,442.1000061035156,461.1380345468531,0.003951359818862743,
2026-05-29,2026-05-29,435.7900085449219,461.9251855417918,-0.014272783242432974,
2026-06-01,2026-06-01,415.8800048828125,462.71368018362665,-0.045687150397476395,
2026-06-02,2026-06-02,423.739990234375,463.50352076592907,0.018899647156100485,
2026-06-03,2026-06-03,423.7000122070313,464.2947095861855,-9.434565598021027e-05,
2026-06-04,2026-06-04,418.4500122070313,465.08724894580405,-0.012390842220308285,
2026-06-05,2026-06-05,391.0,465.88114115012144,-0.06559926253138737,
2026-06-08,2026-06-08,408.9500122070313,466.6763885084094,0.045907959608775695,
2026-06-09,2026-06-09,396.6799926757813,467.47299333388156,-0.03000371479396924,
2026-06-10,2026-06-10,381.5899963378906,468.27095794370024,-0.038040729596927725,
2026-06-11,2026-06-11,399.1499938964844,469.070284658983,0.046017971453959916,
2026-06-12,2026-06-12,406.4299926757813,469.87097580480946,0.018238754580026217,
2026-06-15,2026-06-15,411.1499938964844,470.6730337102282,0.011613319158924273,
2026-06-16,2026-06-16,404.6600036621094,471.47646070826335,-0.015784969793794956,
2026-06-17,2026-06-17,396.3800048828125,472.2812591359215,-0.02046161890071707,
2026-06-18,2026-06-18,400.489990234375,473.0874313341984,0.010368800900483421,
2026-06-22,2026-06-22,405.0499877929688,473.8949796480859,0.011386046267786165,
2026-06-23,2026-06-23,381.6099853515625,474.7039064265786,-0.05786940661108497,
2026-06-24,2026-06-24,375.5299987792969,475.51421402268085,-0.0159324619523894,
2026-06-25,2026-06-25,375.1199951171875,476.32590479341343,-0.00109180002514353,
2026-06-26,2026-06-26,379.7099914550781,477.13898109982057,0.01223607484974698,
2026-06-29,2026-06-29,411.8399963378906,477.95344530697673,0.08461722263269356,
