Date,Date,Actual_Price,SARIMA_Forecast,Actual_Return,SARIMA_Forecast_Return
2024-03-11,2024-03-11,177.77000427246094,178.6294998917324,0.013858834181150304,
2024-03-12,2024-03-12,177.5399932861328,179.01899561129937,-0.0012938683737420131,
2024-03-13,2024-03-13,169.47999572753906,179.2335591976352,-0.04539820808488959,
2024-03-14,2024-03-14,162.5,179.36047692028356,-0.04118477639544138,
2024-03-15,2024-03-15,163.57000732421875,179.29515289993594,0.006584660456730784,
2024-03-18,2024-03-18,173.8000030517578,179.295779656738,0.06254200201423088,
2024-03-19,2024-03-19,171.32000732421875,179.28386651650035,-0.014269250195585559,
2024-03-20,2024-03-20,175.66000366210938,179.27731857495965,0.025332688257929448,
2024-03-21,2024-03-21,172.82000732421875,179.27345014293644,-0.016167575308454918,
2024-03-22,2024-03-22,170.8300018310547,179.27543975686302,-0.01151490226146512,
2024-03-25,2024-03-25,172.6300048828125,179.27542066017804,0.010536808713131895,
2024-03-26,2024-03-26,177.6699981689453,179.275783640948,0.029195349264770964,
2024-03-27,2024-03-27,179.8300018310547,179.2759831634551,0.012157391142962881,
2024-03-28,2024-03-28,175.7899932861328,179.27610104299035,-0.022465709302040393,
2024-04-01,2024-04-01,175.22000122070312,179.27604041377967,-0.003242460249155976,
2024-04-02,2024-04-02,166.6300048828125,179.27604099570348,-0.049024062767074494,
2024-04-03,2024-04-03,168.3800048828125,179.2760299347695,0.01050231020055925,
2024-04-04,2024-04-04,171.11000061035156,179.27602385483124,0.016213301154368365,
2024-04-05,2024-04-05,164.89999389648438,179.2760202627579,-0.036292482565110196,
2024-04-08,2024-04-08,172.97999572753906,179.2760221102747,0.04899940648952894,
2024-04-09,2024-04-09,176.8800048828125,179.2760220925421,0.02254601255405486,
2024-04-10,2024-04-10,171.75999450683594,179.2760224295953,-0.028946236061948905,
2024-04-11,2024-04-11,174.60000610351562,179.27602261486558,0.01653476762638495,
2024-04-12,2024-04-12,171.0500030517578,179.2760227243247,-0.020332204625772565,
2024-04-15,2024-04-15,161.47999572753906,179.27602266802643,-0.05594859487563397,
2024-04-16,2024-04-16,157.11000061035156,179.27602266856678,-0.027062145360474688,
2024-04-17,2024-04-17,155.4499969482422,179.27602265829597,-0.010565868854054306,
2024-04-18,2024-04-18,149.92999267578125,179.27602265265034,-0.03550983840996058,
2024-04-19,2024-04-19,147.0500030517578,179.27602264931485,-0.0192088959161848,
2024-04-22,2024-04-22,142.0500030517578,179.2760226510304,-0.03400203941675628,
2024-04-23,2024-04-23,144.67999267578125,179.27602265101393,0.018514534090260826,
2024-04-24,2024-04-24,162.1300048828125,179.27602265132688,0.12061109407252757,
2024-04-25,2024-04-25,170.17999267578125,179.27602265149892,0.04965143743002587,
2024-04-26,2024-04-26,168.2899932861328,179.27602265160056,-0.011105884774887609,
2024-04-29,2024-04-29,194.0500030517578,179.2760226515483,0.1530691710339953,
2024-04-30,2024-04-30,183.27999877929688,179.2760226515488,-0.05550118063944742,
2024-05-01,2024-05-01,179.99000549316406,179.27602265153928,-0.017950640048260635,
2024-05-02,2024-05-02,180.00999450683594,179.27602265153405,0.0001110562423569661,
2024-05-03,2024-05-03,181.19000244140625,179.27602265153095,0.006555235656792835,
2024-05-06,2024-05-06,184.75999450683597,179.27602265153254,0.01970303006416807,
2024-05-07,2024-05-07,177.80999755859375,179.27602265153251,-0.03761635178001199,
2024-05-08,2024-05-08,174.72000122070312,179.2760226515328,-0.017378079862311324,
2024-05-09,2024-05-09,171.97000122070312,179.27602265153297,-0.01573946875450305,
2024-05-10,2024-05-10,168.47000122070312,179.27602265153305,-0.02035238689978358,
2024-05-13,2024-05-13,171.88999938964844,179.27602265153303,0.020300339194899042,
2024-05-14,2024-05-14,177.5500030517578,179.27602265153303,0.03292805679333921,
2024-05-15,2024-05-15,173.99000549316406,179.27602265153303,-0.02005067585133169,
2024-05-16,2024-05-16,174.83999633789062,179.27602265153303,0.004885285464054867,
2024-05-17,2024-05-17,177.4600067138672,179.27602265153303,0.014985188920464187,
2024-05-20,2024-05-20,174.9499969482422,179.27602265153303,-0.014144086952910362,
2024-05-21,2024-05-21,186.6000061035156,179.27602265153303,0.0665905079079252,
2024-05-22,2024-05-22,180.11000061035156,179.27602265153303,-0.03478030697149992,
2024-05-23,2024-05-23,173.74000549316406,179.27602265153303,-0.03536724832380789,
2024-05-24,2024-05-24,179.24000549316406,179.27602265153303,0.03165649721483632,
2024-05-28,2024-05-28,176.75,179.27602265153303,-0.01389201861667555,
2024-05-29,2024-05-29,176.19000244140625,179.27602265153303,-0.0031683030189180172,
2024-05-30,2024-05-30,178.7899932861328,179.27602265153303,0.014756744473008343,
2024-05-31,2024-05-31,178.0800018310547,179.27602265153303,-0.003971091681523098,
2024-06-03,2024-06-03,176.2899932861328,179.27602265153303,-0.0100517100545634,
2024-06-04,2024-06-04,174.77000427246094,179.27602265153303,-0.008622094682395387,
2024-06-05,2024-06-05,175.0,179.27602265153303,0.0013159908560766986,
2024-06-06,2024-06-06,177.94000244140625,179.27602265153303,0.01680001395089281,
2024-06-07,2024-06-07,177.47999572753906,179.27602265153303,-0.0025851787543875737,
2024-06-10,2024-06-10,173.7899932861328,179.27602265153303,-0.020791089307163446,
2024-06-11,2024-06-11,170.66000366210938,179.27602265153303,-0.018010183238054034,
2024-06-12,2024-06-12,177.2899932861328,179.27602265153303,0.03884911216309472,
2024-06-13,2024-06-13,182.47000122070312,179.27602265153303,0.029217711832219218,
2024-06-14,2024-06-14,178.00999450683594,179.27602265153303,-0.024442410719736185,
2024-06-17,2024-06-17,187.44000244140625,179.27602265153303,0.052974598199923895,
2024-06-18,2024-06-18,184.8600006103516,179.27602265153303,-0.013764414198944364,
2024-06-20,2024-06-20,181.57000732421875,179.27602265153303,-0.017797215597047944,
2024-06-21,2024-06-21,183.00999450683597,179.27602265153303,0.007930754665036233,
2024-06-24,2024-06-24,182.5800018310547,179.27602265153303,-0.0023495584322593688,
2024-06-25,2024-06-25,187.3500061035156,179.27602265153303,0.026125557150967094,
2024-06-26,2024-06-26,196.3699951171875,179.27602265153303,0.0481451226037759,
2024-06-27,2024-06-27,197.4199981689453,179.27602265153303,0.0053470646120412635,
2024-06-28,2024-06-28,197.8800048828125,179.27602265153303,0.002330091774560339,
2024-07-01,2024-07-01,209.8600006103516,179.27602265153303,0.06054171938510833,
2024-07-02,2024-07-02,231.25999450683597,179.27602265153303,0.10197271435359356,
2024-07-03,2024-07-03,246.38999938964844,179.27602265153303,0.06542422054051045,
2024-07-05,2024-07-05,251.5200042724609,179.27602265153303,0.02082067005771493,
2024-07-08,2024-07-08,252.94000244140625,179.27602265153303,0.005645666924397386,
2024-07-09,2024-07-09,262.3299865722656,179.27602265153303,0.03712336538398886,
2024-07-10,2024-07-10,263.260009765625,179.27602265153303,0.003545241645880992,
2024-07-11,2024-07-11,241.02999877929688,179.27602265153303,-0.08444127539962887,
2024-07-12,2024-07-12,248.22999572753903,179.27602265153303,0.029871787680814554,
2024-07-15,2024-07-15,252.63999938964844,179.27602265153303,0.01776579679334911,
2024-07-16,2024-07-16,256.5599975585937,179.27602265153303,0.015516142251486453,
2024-07-17,2024-07-17,248.5,179.27602265153303,-0.03141564404151875,
2024-07-18,2024-07-18,249.22999572753903,179.27602265153303,0.002937608561525362,
2024-07-19,2024-07-19,239.1999969482422,179.27602265153303,-0.0402439471622098,
2024-07-22,2024-07-22,251.50999450683597,179.27602265153303,0.05146320115237035,
2024-07-23,2024-07-23,246.3800048828125,179.27602265153303,-0.020396762498772314,
2024-07-24,2024-07-24,215.9900054931641,179.27602265153303,-0.12334604589403686,
2024-07-25,2024-07-25,220.25,179.27602265153303,0.01972310939623889,
2024-07-26,2024-07-26,219.8000030517578,179.27602265153303,-0.0020431189477511102,
2024-07-29,2024-07-29,232.1000061035156,179.27602265153303,0.055959976710561854,
2024-07-30,2024-07-30,222.6199951171875,179.27602265153303,-0.04084450985365362,
2024-07-31,2024-07-31,232.07000732421875,179.27602265153303,0.04244907202543402,
2024-08-01,2024-08-01,216.8600006103516,179.27602265153303,-0.06554059651757438,
2024-08-02,2024-08-02,207.6699981689453,179.27602265153303,-0.04237758192170549,
2024-08-05,2024-08-05,198.8800048828125,179.27602265153303,-0.04232673647438423,
2024-08-06,2024-08-06,200.63999938964844,179.27602265153303,0.008849529684359148,
2024-08-07,2024-08-07,191.75999450683597,179.27602265153303,-0.044258397676563255,
2024-08-08,2024-08-08,198.83999633789065,179.27602265153303,0.036921162045623124,
2024-08-09,2024-08-09,200.0,179.27602265153303,0.005833854775063152,
2024-08-12,2024-08-12,197.4900054931641,179.27602265153303,-0.012549972534179554,
2024-08-13,2024-08-13,207.8300018310547,179.27602265153303,0.052357061371637315,
2024-08-14,2024-08-14,201.3800048828125,179.27602265153303,-0.0310349655555765,
2024-08-15,2024-08-15,214.13999938964844,179.27602265153303,0.06336276788880446,
2024-08-16,2024-08-16,216.1199951171875,179.27602265153303,0.009246267550119258,
2024-08-19,2024-08-19,222.72000122070312,179.27602265153303,0.030538618603692225,
2024-08-20,2024-08-20,221.1000061035156,179.27602265153303,-0.007273684933138069,
2024-08-21,2024-08-21,223.2700042724609,179.27602265153303,0.009814554993405888,
2024-08-22,2024-08-22,210.66000366210935,179.27602265153303,-0.056478704568676985,
2024-08-23,2024-08-23,220.32000732421875,179.27602265153303,0.0458558981020607,
2024-08-26,2024-08-26,213.2100067138672,179.27602265153303,-0.0322712435275504,
2024-08-27,2024-08-27,209.2100067138672,179.27602265153303,-0.018760845523390857,
2024-08-28,2024-08-28,205.75,179.27602265153303,-0.01653843794670573,
2024-08-29,2024-08-29,206.27999877929688,179.27602265153303,0.002575935743848623,
2024-08-30,2024-08-30,214.1100006103516,179.27602265153303,0.03795812428442069,
2024-09-03,2024-09-03,210.6000061035156,179.27602265153303,-0.01639341692041585,
2024-09-04,2024-09-04,219.41000366210935,179.27602265153303,0.04183284569452206,
2024-09-05,2024-09-05,230.1699981689453,179.27602265153303,0.04904058305110981,
2024-09-06,2024-09-06,210.72999572753903,179.27602265153303,-0.08445932396079381,
2024-09-09,2024-09-09,216.2700042724609,179.27602265153303,0.026289605928169646,
2024-09-10,2024-09-10,226.1699981689453,179.27602265153303,0.04577608406578748,
2024-09-11,2024-09-11,228.1300048828125,179.27602265153303,0.008666077418469476,
2024-09-12,2024-09-12,229.80999755859372,179.27602265153303,0.007364189890953776,
2024-09-13,2024-09-13,230.2899932861328,179.27602265153303,0.0020886633855723424,
2024-09-16,2024-09-16,226.77999877929688,179.27602265153303,-0.015241628421408637,
2024-09-17,2024-09-17,227.8699951171875,179.27602265153303,0.004806404196833203,
2024-09-18,2024-09-18,227.1999969482422,179.27602265153303,-0.0029402649901351108,
2024-09-19,2024-09-19,243.9199981689453,179.27602265153303,0.07359155565707187,
2024-09-20,2024-09-20,238.25,179.27602265153303,-0.02324531900421767,
2024-09-23,2024-09-23,250.0,179.27602265153303,0.04931794333683115,
2024-09-24,2024-09-24,254.2700042724609,179.27602265153303,0.017080017089843746,
2024-09-25,2024-09-25,257.0199890136719,179.27602265153303,0.010815214909361659,
2024-09-26,2024-09-26,254.22000122070312,179.27602265153303,-0.01089404681602335,
2024-09-27,2024-09-27,260.4599914550781,179.27602265153303,0.024545630573566513,
2024-09-30,2024-09-30,261.6300048828125,179.27602265153303,0.004492104223754234,
2024-10-01,2024-10-01,258.0199890136719,179.27602265153303,-0.013798172234708361,
2024-10-02,2024-10-02,249.0200042724609,179.27602265153303,-0.03488095932262858,
2024-10-03,2024-10-03,240.66000366210935,179.27602265153303,-0.03357160254966751,
2024-10-04,2024-10-04,250.0800018310547,179.27602265153303,0.03914235030998836,
2024-10-07,2024-10-07,240.8300018310547,179.27602265153303,-0.03698816351676526,
2024-10-08,2024-10-08,244.5,179.27602265153303,0.015238957526229946,
2024-10-09,2024-10-09,241.0500030517578,179.27602265153303,-0.014110416966225725,
2024-10-10,2024-10-10,238.7700042724609,179.27602265153303,-0.009458613360014523,
2024-10-11,2024-10-11,217.8000030517578,179.27602265153303,-0.08782510719719294,
2024-10-14,2024-10-14,219.16000366210935,179.27602265153303,0.006244263504570968,
2024-10-15,2024-10-15,219.57000732421875,179.27602265153303,0.0018707960177877236,
2024-10-16,2024-10-16,221.3300018310547,179.27602265153303,0.008015641700267029,
2024-10-17,2024-10-17,220.88999938964844,179.27602265153303,-0.001987992760882462,
2024-10-18,2024-10-18,220.6999969482422,179.27602265153303,-0.0008601676940163117,
2024-10-21,2024-10-21,218.8500061035156,179.27602265153303,-0.008382378207102748,
2024-10-22,2024-10-22,217.97000122070312,179.27602265153303,-0.004021041161845984,
2024-10-23,2024-10-23,213.6499938964844,179.27602265153303,-0.019819274670942244,
2024-10-24,2024-10-24,260.4800109863281,179.27602265153303,0.21919035070290405,
2024-10-25,2024-10-25,269.19000244140625,179.27602265153303,0.03343823359841336,
2024-10-28,2024-10-28,262.510009765625,179.27602265153303,-0.024815158866218545,
2024-10-29,2024-10-29,259.5199890136719,179.27602265153303,-0.01139012091242797,
2024-10-30,2024-10-30,257.54998779296875,179.27602265153303,-0.007590942139718337,
2024-10-31,2024-10-31,249.8500061035156,179.27602265153303,-0.029897037679701866,
2024-11-01,2024-11-01,248.97999572753903,179.27602265153303,-0.003482130697311736,
2024-11-04,2024-11-04,242.83999633789065,179.27602265153303,-0.024660613282231014,
2024-11-05,2024-11-05,251.44000244140625,179.27602265153303,0.03541429020427689,
2024-11-06,2024-11-06,288.5299987792969,179.27602265153303,0.14751032444224466,
2024-11-07,2024-11-07,296.9100036621094,179.27602265153303,0.02904379065700735,
2024-11-08,2024-11-08,321.2200012207031,179.27602265153303,0.08187665372925301,
2024-11-11,2024-11-11,350.0,179.27602265153303,0.08959591143118995,
2024-11-12,2024-11-12,328.489990234375,179.27602265153303,-0.06145717075892854,
2024-11-13,2024-11-13,330.239990234375,179.27602265153303,0.005327407385385952,
2024-11-14,2024-11-14,311.17999267578125,179.27602265153303,-0.05771559508909463,
2024-11-15,2024-11-15,320.7200012207031,179.27602265153303,0.030657525449785616,
2024-11-18,2024-11-18,338.739990234375,179.27602265153303,0.056186046847983784,
2024-11-19,2024-11-19,346.0,179.27602265153303,0.021432396454288627,
2024-11-20,2024-11-20,342.0299987792969,179.27602265153303,-0.011473991967350106,
2024-11-21,2024-11-21,339.6400146484375,179.27602265153303,-0.006987644766217049,
2024-11-22,2024-11-22,352.5599975585937,179.27602265153303,0.038040225983177356,
2024-11-25,2024-11-25,338.5899963378906,179.27602265153303,-0.03962446482142756,
2024-11-26,2024-11-26,338.2300109863281,179.27602265153303,-0.001063189566898104,
2024-11-27,2024-11-27,332.8900146484375,179.27602265153303,-0.015788061864523528,
2024-11-29,2024-11-29,345.1600036621094,179.27602265153303,0.03685898787510977,
2024-12-02,2024-12-02,357.0899963378906,179.27602265153303,0.034563659025395044,
2024-12-03,2024-12-03,351.4200134277344,179.27602265153303,-0.01587830229999254,
2024-12-04,2024-12-04,357.92999267578125,179.27602265153303,0.018524782309774723,
2024-12-05,2024-12-05,369.489990234375,179.27602265153303,0.03229681165351517,
2024-12-06,2024-12-06,389.2200012207031,179.27602265153303,0.053397958017247005,
2024-12-09,2024-12-09,389.7900085449219,179.27602265153303,0.0014644862094215227,
2024-12-10,2024-12-10,400.989990234375,179.27602265153303,0.02873337295448497,
2024-12-11,2024-12-11,424.7699890136719,179.27602265153303,0.05930322291934931,
2024-12-12,2024-12-12,418.1000061035156,179.27602265153303,-0.015702575706076027,
2024-12-13,2024-12-13,436.2300109863281,179.27602265153303,0.04336284290396253,
2024-12-16,2024-12-16,463.0199890136719,179.27602265153303,0.06141250567967771,
2024-12-17,2024-12-17,479.8599853515625,179.27602265153303,0.036369912179738284,
2024-12-18,2024-12-18,440.1300048828125,179.27602265153303,-0.0827949436951747,
2024-12-19,2024-12-19,436.1700134277344,179.27602265153303,-0.008997322180141931,
2024-12-20,2024-12-20,421.05999755859375,179.27602265153303,-0.034642491239586515,
2024-12-23,2024-12-23,430.6000061035156,179.27602265153303,0.022657123925894362,
2024-12-24,2024-12-24,462.2799987792969,179.27602265153303,0.07357174228224572,
2024-12-26,2024-12-26,454.1300048828125,179.27602265153303,-0.017629994630971146,
2024-12-27,2024-12-27,431.6600036621094,179.27602265153303,-0.04947922616674816,
2024-12-30,2024-12-30,417.4100036621094,179.27602265153303,-0.03301209257078741,
2024-12-31,2024-12-31,403.8399963378906,179.27602265153303,-0.03251001941775111,
2025-01-02,2025-01-02,379.2799987792969,179.27602265153303,-0.06081615932376483,
2025-01-03,2025-01-03,410.4400024414063,179.27602265153303,0.08215567328200035,
2025-01-06,2025-01-06,411.0499877929688,179.27602265153303,0.0014861742226248698,
2025-01-07,2025-01-07,394.3599853515625,179.27602265153303,-0.040603340073111616,
2025-01-08,2025-01-08,394.9400024414063,179.27602265153303,0.0014707807875760093,
2025-01-10,2025-01-10,394.739990234375,179.27602265153303,-0.0005064369418009695,
2025-01-13,2025-01-13,403.30999755859375,179.27602265153303,0.021710512074366584,
2025-01-14,2025-01-14,396.3599853515625,179.27602265153303,-0.017232432245921525,
2025-01-15,2025-01-15,428.2200012207031,179.27602265153303,0.08038151439752794,
2025-01-16,2025-01-16,413.8200073242188,179.27602265153303,-0.03362756026209668,
2025-01-17,2025-01-17,426.5,179.27602265153303,0.030641323404759113,
2025-01-21,2025-01-21,424.0700073242188,179.27602265153303,-0.0056975209279747085,
2025-01-22,2025-01-22,415.1099853515625,179.27602265153303,-0.02112863871036752,
2025-01-23,2025-01-23,412.3800048828125,179.27602265153303,-0.006576523247056931,
2025-01-24,2025-01-24,406.5799865722656,179.27602265153303,-0.014064741844588391,
2025-01-27,2025-01-27,397.1499938964844,179.27602265153303,-0.023193450212053546,
2025-01-28,2025-01-28,398.0899963378906,179.27602265153303,0.0023668700890153715,
2025-01-29,2025-01-29,389.1000061035156,179.27602265153303,-0.02258280870425211,
2025-01-30,2025-01-30,400.2799987792969,179.27602265153303,0.028732954254456988,
2025-01-31,2025-01-31,404.6000061035156,179.27602265153303,0.010792463618949588,
2025-02-03,2025-02-03,383.6799926757813,179.27602265153303,-0.05170542044525328,
2025-02-04,2025-02-04,392.2099914550781,179.27602265153303,0.02223206563315605,
2025-02-05,2025-02-05,378.1700134277344,179.27602265153303,-0.035797094243459227,
2025-02-06,2025-02-06,374.3200073242188,179.27602265153303,-0.010180622383618165,
2025-02-07,2025-02-07,361.6199951171875,179.27602265153303,-0.03392822173149601,
2025-02-10,2025-02-10,350.7300109863281,179.27602265153303,-0.030114441341470455,
2025-02-11,2025-02-11,328.5,179.27602265153303,-0.06338211812502892,
2025-02-12,2025-02-12,336.510009765625,179.27602265153303,0.0243835913717656,
2025-02-13,2025-02-13,355.94000244140625,179.27602265153303,0.05773971683431944,
2025-02-14,2025-02-14,355.8399963378906,179.27602265153303,-0.0002809633725618932,
2025-02-18,2025-02-18,354.1099853515625,179.27602265153303,-0.004861766535893763,
2025-02-19,2025-02-19,360.55999755859375,179.27602265153303,0.018214714280444966,
2025-02-20,2025-02-20,354.3999938964844,179.27602265153303,-0.01708454543992588,
2025-02-21,2025-02-21,337.79998779296875,179.27602265153303,-0.046839747148427646,
2025-02-24,2025-02-24,330.5299987792969,179.27602265153303,-0.021521578674915554,
2025-02-25,2025-02-25,302.79998779296875,179.27602265153303,-0.0838955952220366,
2025-02-26,2025-02-26,290.79998779296875,179.27602265153303,-0.039630120487999076,
2025-02-27,2025-02-27,281.95001220703125,179.27602265153303,-0.030433204805490277,
2025-02-28,2025-02-28,292.9800109863281,179.27602265153303,0.03912040539724382,
2025-03-03,2025-03-03,284.6499938964844,179.27602265153303,-0.02843203214376444,
2025-03-04,2025-03-04,272.0400085449219,179.27602265153303,-0.04429996705409467,
2025-03-05,2025-03-05,279.1000061035156,179.27602265153303,0.025952056083059283,
2025-03-06,2025-03-06,263.45001220703125,179.27602265153303,-0.056073068986891905,
2025-03-07,2025-03-07,262.6700134277344,179.27602265153303,-0.0029607088371812473,
2025-03-10,2025-03-10,222.1499938964844,179.27602265153303,-0.1542620682219511,
2025-03-11,2025-03-11,230.5800018310547,179.27602265153303,0.037947369642955975,
2025-03-12,2025-03-12,248.08999633789065,179.27602265153303,0.07593891216839133,
2025-03-13,2025-03-13,240.67999267578125,179.27602265153303,-0.02986820819658209,
2025-03-14,2025-03-14,249.97999572753903,179.27602265153303,0.038640532386444715,
2025-03-17,2025-03-17,238.00999450683597,179.27602265153303,-0.04788383640805216,
2025-03-18,2025-03-18,225.30999755859372,179.27602265153303,-0.05335909096824709,
2025-03-19,2025-03-19,235.8600006103516,179.27602265153303,0.04682438935722,
2025-03-20,2025-03-20,236.25999450683597,179.27602265153303,0.0016958954271570903,
2025-03-21,2025-03-21,248.7100067138672,179.27602265153303,0.052696235065183616,
2025-03-24,2025-03-24,278.3900146484375,179.27602265153303,0.11933580126800525,
2025-03-25,2025-03-25,288.1400146484375,179.27602265153303,0.03502280788451673,
2025-03-26,2025-03-26,272.0599975585937,179.27602265153303,-0.05580626179068948,
2025-03-27,2025-03-27,273.1300048828125,179.27602265153303,0.003932982922226103,
2025-03-28,2025-03-28,263.54998779296875,179.27602265153303,-0.03507493471452938,
2025-03-31,2025-03-31,259.1600036621094,179.27602265153303,-0.016657121359109794,
2025-04-01,2025-04-01,268.4599914550781,179.27602265153303,0.035885119854736525,
2025-04-02,2025-04-02,282.760009765625,179.27602265153303,0.05326685079977622,
2025-04-03,2025-04-03,267.2799987792969,179.27602265153303,-0.05474611137253549,
2025-04-04,2025-04-04,239.42999267578125,179.27602265153303,-0.10419786826814681,
2025-04-07,2025-04-07,233.2899932861328,179.27602265153303,-0.025644236634809525,
2025-04-08,2025-04-08,221.8600006103516,179.27602265153303,-0.048994783337158454,
2025-04-09,2025-04-09,272.20001220703125,179.27602265153303,0.22689989839624514,
2025-04-10,2025-04-10,252.3999938964844,179.27602265153303,-0.07274069589492616,
2025-04-11,2025-04-11,252.30999755859372,179.27602265153303,-0.0003565623615965352,
2025-04-14,2025-04-14,252.3500061035156,179.27602265153303,0.00015856900364230597,
2025-04-15,2025-04-15,254.1100006103516,179.27602265153303,0.006974418324816822,
2025-04-16,2025-04-16,241.5500030517578,179.27602265153303,-0.049427403598542696,
2025-04-17,2025-04-17,241.3699951171875,179.27602265153303,-0.0007452201709629014,
2025-04-21,2025-04-21,227.5,179.27602265153303,-0.05746362595919796,
2025-04-22,2025-04-22,237.97000122070312,179.27602265153303,0.04602198338770602,
2025-04-23,2025-04-23,250.7400054931641,179.27602265153303,0.05366224400956132,
2025-04-24,2025-04-24,259.510009765625,179.27602265153303,0.0349764859229853,
2025-04-25,2025-04-25,284.95001220703125,179.27602265153303,0.09803091011549903,
2025-04-28,2025-04-28,285.8800048828125,179.27602265153303,0.0032637046356942534,
2025-04-29,2025-04-29,292.0299987792969,179.27602265153303,0.021512501019458785,
2025-04-30,2025-04-30,282.1600036621094,179.27602265153303,-0.03379788089732105,
2025-05-01,2025-05-01,280.5199890136719,179.27602265153303,-0.005812356915055328,
2025-05-02,2025-05-02,287.2099914550781,179.27602265153303,0.023848576584252656,
2025-05-05,2025-05-05,280.260009765625,179.27602265153303,-0.024198258752220814,
2025-05-06,2025-05-06,275.3500061035156,179.27602265153303,-0.017519458684867262,
2025-05-07,2025-05-07,276.2200012207031,179.27602265153303,0.003159597232260225,
2025-05-08,2025-05-08,284.82000732421875,179.27602265153303,0.031134624811778533,
2025-05-09,2025-05-09,298.260009765625,179.27602265153303,0.04718770485146129,
2025-05-12,2025-05-12,318.3800048828125,179.27602265153303,0.06745790403815088,
2025-05-13,2025-05-13,334.07000732421875,179.27602265153303,0.049280740626853614,
2025-05-14,2025-05-14,347.67999267578125,179.27602265153303,0.04073991993646375,
2025-05-15,2025-05-15,342.82000732421875,179.27602265153303,-0.013978329078298546,
2025-05-16,2025-05-16,349.9800109863281,179.27602265153303,0.0208856061756566,
2025-05-19,2025-05-19,342.0899963378906,179.27602265153303,-0.022544186527114873,
2025-05-20,2025-05-20,343.82000732421875,179.27602265153303,0.005057180873010214,
2025-05-21,2025-05-21,334.6199951171875,179.27602265153303,-0.026758222357769146,
2025-05-22,2025-05-22,341.0400085449219,179.27602265153303,0.019185982671137136,
2025-05-23,2025-05-23,339.3399963378906,179.27602265153303,-0.004984788190348977,
2025-05-27,2025-05-27,362.8900146484375,179.27602265153303,0.06939947711644767,
2025-05-28,2025-05-28,356.8999938964844,179.27602265153303,-0.016506435862546853,
2025-05-29,2025-05-29,358.42999267578125,179.27602265153303,0.004286911755287504,
2025-05-30,2025-05-30,346.4599914550781,179.27602265153303,-0.03339564619395741,
2025-06-02,2025-06-02,342.69000244140625,179.27602265153303,-0.01088145559849063,
2025-06-03,2025-06-03,344.2699890136719,179.27602265153303,0.004610541775392996,
2025-06-04,2025-06-04,332.04998779296875,179.27602265153303,-0.03549540073392177,
2025-06-05,2025-06-05,284.70001220703125,179.27602265153303,-0.14259893789082123,
2025-06-06,2025-06-06,295.1400146484375,179.27602265153303,0.036670186138995975,
2025-06-09,2025-06-09,308.5799865722656,179.27602265153303,0.04553761352840424,
2025-06-10,2025-06-10,326.0899963378906,179.27602265153303,0.05674382827003055,
2025-06-11,2025-06-11,326.42999267578125,179.27602265153303,0.0010426457165473302,
2025-06-12,2025-06-12,319.1099853515625,179.27602265153303,-0.022424432461661592,
2025-06-13,2025-06-13,325.3099975585937,179.27602265153303,0.019429076154419578,
2025-06-16,2025-06-16,329.1300048828125,179.27602265153303,0.011742668079331775,
2025-06-17,2025-06-17,316.3500061035156,179.27602265153303,-0.03882963749794621,
2025-06-18,2025-06-18,322.04998779296875,179.27602265153303,0.0180179597897272,
2025-06-20,2025-06-20,322.1600036621094,179.27602265153303,0.0003416111576173275,
2025-06-23,2025-06-23,348.67999267578125,179.27602265153303,0.0823193093872907,
2025-06-24,2025-06-24,340.4700012207031,179.27602265153303,-0.023545920693855638,
2025-06-25,2025-06-25,327.54998779296875,179.27602265153303,-0.037947582404945,
2025-06-26,2025-06-26,325.7799987792969,179.27602265153303,-0.0054037218123500486,
2025-06-27,2025-06-27,323.6300048828125,179.27602265153303,-0.006599526995335614,
2025-06-30,2025-06-30,317.6600036621094,179.27602265153303,-0.018446995428822777,
2025-07-01,2025-07-01,300.7099914550781,179.27602265153303,-0.05335897504131726,
2025-07-02,2025-07-02,315.6499938964844,179.27602265153303,0.04968242780731846,
2025-07-03,2025-07-03,315.3500061035156,179.27602265153303,-0.0009503811144286889,
2025-07-07,2025-07-07,293.94000244140625,179.27602265153303,-0.06789282780315342,
2025-07-08,2025-07-08,297.8099975585937,179.27602265153303,0.013165935514200422,
2025-07-09,2025-07-09,295.8800048828125,179.27602265153303,-0.0064806174796112614,
2025-07-10,2025-07-10,309.8699951171875,179.27602265153303,0.0472826483827995,
2025-07-11,2025-07-11,313.510009765625,179.27602265153303,0.01174690904506881,
2025-07-14,2025-07-14,316.8999938964844,179.27602265153303,0.010813001260769006,
2025-07-15,2025-07-15,310.7799987792969,179.27602265153303,-0.01931207079538977,
2025-07-16,2025-07-16,321.6700134277344,179.27602265153303,0.03504091219258654,
2025-07-17,2025-07-17,319.4100036621094,179.27602265153303,-0.007025863995037018,
2025-07-18,2025-07-18,329.6499938964844,179.27602265153303,0.03205907804067243,
2025-07-21,2025-07-21,328.489990234375,179.27602265153303,-0.0035188948387289143,
2025-07-22,2025-07-22,332.1099853515625,179.27602265153303,0.0110201078413521,
2025-07-23,2025-07-23,332.5599975585937,179.27602265153303,0.0013550095657461902,
2025-07-24,2025-07-24,305.29998779296875,179.27602265153303,-0.08197020076301276,
2025-07-25,2025-07-25,316.0599975585937,179.27602265153303,0.0352440556693423,
2025-07-28,2025-07-28,325.5899963378906,179.27602265153303,0.030152499060024818,
2025-07-29,2025-07-29,321.20001220703125,179.27602265153303,-0.013483166498468035,
2025-07-30,2025-07-30,319.0400085449219,179.27602265153303,-0.006724793213012448,
2025-07-31,2025-07-31,308.2699890136719,179.27602265153303,-0.03375758288237862,
2025-08-01,2025-08-01,302.6300048828125,179.27602265153303,-0.01829559909125389,
2025-08-04,2025-08-04,309.260009765625,179.27602265153303,0.021907956170373222,
2025-08-05,2025-08-05,308.7200012207031,179.27602265153303,-0.0017461311772288823,
2025-08-06,2025-08-06,319.9100036621094,179.27602265153303,0.03624644466558724,
2025-08-07,2025-08-07,322.2699890136719,179.27602265153303,0.007377028928595486,
2025-08-08,2025-08-08,329.6499938964844,179.27602265153303,0.02290006868278205,
2025-08-11,2025-08-11,339.0299987792969,179.27602265153303,0.02845443669493286,
2025-08-12,2025-08-12,340.8399963378906,179.27602265153303,0.005338753399730889,
2025-08-13,2025-08-13,339.3800048828125,179.27602265153303,-0.004283509772223915,
2025-08-14,2025-08-14,335.5799865722656,179.27602265153303,-0.011196942235471519,
2025-08-15,2025-08-15,330.5599975585937,179.27602265153303,-0.0149591430196655,
2025-08-18,2025-08-18,335.1600036621094,179.27602265153303,0.013915797850586165,
2025-08-19,2025-08-19,329.3099975585937,179.27602265153303,-0.017454368181154867,
2025-08-20,2025-08-20,323.8999938964844,179.27602265153303,-0.016428300696053832,
2025-08-21,2025-08-21,320.1099853515625,179.27602265153303,-0.011701168929731831,
2025-08-22,2025-08-22,340.010009765625,179.27602265153303,0.062166209505171155,
2025-08-25,2025-08-25,346.6000061035156,179.27602265153303,0.019381771561470362,
2025-08-26,2025-08-26,351.6700134277344,179.27602265153303,0.01462783391499567,
2025-08-27,2025-08-27,349.6000061035156,179.27602265153303,-0.0058862207330171445,
2025-08-28,2025-08-28,345.9800109863281,179.27602265153303,-0.010354676927882056,
2025-08-29,2025-08-29,333.8699951171875,179.27602265153303,-0.03500206799409333,
2025-09-02,2025-09-02,329.3599853515625,179.27602265153303,-0.01350828116207925,
2025-09-03,2025-09-03,334.0899963378906,179.27602265153303,0.014361219324440011,
2025-09-04,2025-09-04,338.5299987792969,179.27602265153303,0.01328983953448204,
2025-09-05,2025-09-05,350.8399963378906,179.27602265153303,0.036363092201525005,
2025-09-08,2025-09-08,346.3999938964844,179.27602265153303,-0.01265534855703887,
2025-09-09,2025-09-09,346.9700012207031,179.27602265153303,0.001645517708609212,
2025-09-10,2025-09-10,347.7900085449219,179.27602265153303,0.0023633378140295314,
2025-09-11,2025-09-11,368.80999755859375,179.27602265153303,0.06043873744853956,
2025-09-12,2025-09-12,395.9400024414063,179.27602265153303,0.0735609258490948,
2025-09-15,2025-09-15,410.0400085449219,179.27602265153303,0.03561147147692445,
2025-09-16,2025-09-16,421.6199951171875,179.27602265153303,0.028241113869250656,
2025-09-17,2025-09-17,425.8599853515625,179.27602265153303,0.01005642588937583,
2025-09-18,2025-09-18,416.8500061035156,179.27602265153303,-0.021157139806429193,
2025-09-19,2025-09-19,426.0700073242188,179.27602265153303,0.022118270566640286,
2025-09-22,2025-09-22,434.2099914550781,179.27602265153303,0.01910480435358397,
2025-09-23,2025-09-23,425.8500061035156,179.27602265153303,-0.019253323313789705,
2025-09-24,2025-09-24,442.7900085449219,179.27602265153303,0.03977927016229388,
2025-09-25,2025-09-25,423.3900146484375,179.27602265153303,-0.04381307961359793,
2025-09-26,2025-09-26,440.3999938964844,179.27602265153303,0.0401756741055197,
2025-09-29,2025-09-29,443.2099914550781,179.27602265153303,0.00638055766924972,
2025-09-30,2025-09-30,444.7200012207031,179.27602265153303,0.0034069849388267404,
2025-10-01,2025-10-01,459.4599914550781,179.27602265153303,0.033144428390707636,
2025-10-02,2025-10-02,436.0,179.27602265153303,-0.051059922281332826,
2025-10-03,2025-10-03,429.8299865722656,179.27602265153303,-0.014151406944344913,
2025-10-06,2025-10-06,453.25,179.27602265153303,0.054486690457546505,
2025-10-07,2025-10-07,433.0899963378906,179.27602265153303,-0.044478772558432134,
2025-10-08,2025-10-08,438.6900024414063,179.27602265153303,0.012930352007361146,
2025-10-09,2025-10-09,435.5400085449219,179.27602265153303,-0.007180455170972766,
2025-10-10,2025-10-10,413.489990234375,179.27602265153303,-0.05062684914805626,
2025-10-13,2025-10-13,435.8999938964844,179.27602265153303,0.054197209585187034,
2025-10-14,2025-10-14,429.239990234375,179.27602265153303,-0.015278742269702716,
2025-10-15,2025-10-15,435.1499938964844,179.27602265153303,0.013768529951932784,
2025-10-16,2025-10-16,428.75,179.27602265153303,-0.01470755828163206,
2025-10-17,2025-10-17,439.30999755859375,179.27602265153303,0.02462973191508744,
2025-10-20,2025-10-20,447.4299926757813,179.27602265153303,0.018483519979771268,
2025-10-21,2025-10-21,442.6000061035156,179.27602265153303,-0.010794954856246375,
2025-10-22,2025-10-22,438.9700012207031,179.27602265153303,-0.008201547294971134,
2025-10-23,2025-10-23,448.9800109863281,179.27602265153303,0.022803402824313368,
2025-10-24,2025-10-24,433.7200012207031,179.27602265153303,-0.03398817183887881,
2025-10-27,2025-10-27,452.4200134277344,179.27602265153303,0.043115401997602554,
2025-10-28,2025-10-28,460.5499877929688,179.27602265153303,0.017969970655449474,
2025-10-29,2025-10-29,461.510009765625,179.27602265153303,0.0020845119924044475,
2025-10-30,2025-10-30,440.1000061035156,179.27602265153303,-0.04639120107705208,
2025-10-31,2025-10-31,456.55999755859375,179.27602265153303,0.03740057084027071,
2025-11-03,2025-11-03,468.3699951171875,179.27602265153303,0.02586735066967427,
2025-11-04,2025-11-04,444.260009765625,179.27602265153303,-0.05147636612701911,
2025-11-05,2025-11-05,462.0700073242188,179.27602265153303,0.040089130615176716,
2025-11-06,2025-11-06,445.9100036621094,179.27602265153303,-0.03497306340156048,
2025-11-07,2025-11-07,429.5199890136719,179.27602265153303,-0.03675632866235745,
2025-11-10,2025-11-10,445.2300109863281,179.27602265153303,0.03657576451501576,
2025-11-11,2025-11-11,439.6199951171875,179.27602265153303,-0.01260026442672324,
2025-11-12,2025-11-12,430.6000061035156,179.27602265153303,-0.02051769508633805,
2025-11-13,2025-11-13,401.989990234375,179.27602265153303,-0.06644220962287406,
2025-11-14,2025-11-14,404.3500061035156,179.27602265153303,0.005870832424868633,
2025-11-17,2025-11-17,408.9200134277344,179.27602265153303,0.011302107716671506,
2025-11-18,2025-11-18,401.25,179.27602265153303,-0.018756757252943457,
2025-11-19,2025-11-19,403.989990234375,179.27602265153303,0.006828636098130891,
2025-11-20,2025-11-20,395.2300109863281,179.27602265153303,-0.02168365419886953,
2025-11-21,2025-11-21,391.0899963378906,179.27602265153303,-0.010474950113494086,
2025-11-24,2025-11-24,417.7799987792969,179.27602265153303,0.0682451678419993,
2025-11-25,2025-11-25,419.3999938964844,179.27602265153303,0.0038776272725380423,
2025-11-26,2025-11-26,426.5799865722656,179.27602265153303,0.017119677587676296,
2025-11-28,2025-11-28,430.1700134277344,179.27602265153303,0.008415835173881447,
2025-12-01,2025-12-01,430.1400146484375,179.27602265153303,-6.973703038437584e-05,
2025-12-02,2025-12-02,429.239990234375,179.27602265153303,-0.0020923987153301793,
2025-12-03,2025-12-03,446.739990234375,179.27602265153303,0.04076973347810542,
2025-12-04,2025-12-04,454.5299987792969,179.27602265153303,0.017437455153354264,
2025-12-05,2025-12-05,455.0,179.27602265153303,0.0010340378456106247,
2025-12-08,2025-12-08,439.5799865722656,179.27602265153303,-0.033890139401614006,
2025-12-09,2025-12-09,445.1700134277344,179.27602265153303,0.01271674558948499,
2025-12-10,2025-12-10,451.4500122070313,179.27602265153303,0.01410696720325344,
2025-12-11,2025-12-11,446.8900146484375,179.27602265153303,-0.010100780674035303,
2025-12-12,2025-12-12,458.9599914550781,179.27602265153303,0.027008830833098685,
2025-12-15,2025-12-15,475.30999755859375,179.27602265153303,0.035624033484225714,
2025-12-16,2025-12-16,489.8800048828125,179.27602265153303,0.030653694218629735,
2025-12-17,2025-12-17,467.260009765625,179.27602265153303,-0.04617456293730249,
2025-12-18,2025-12-18,483.3699951171875,179.27602265153303,0.034477560704677446,
2025-12-19,2025-12-19,481.2000122070313,179.27602265153303,-0.004489279293453219,
2025-12-22,2025-12-22,488.7300109863281,179.27602265153303,0.015648376118613028,
2025-12-23,2025-12-23,485.55999755859375,179.27602265153303,-0.00648622625268469,
2025-12-24,2025-12-24,485.3999938964844,179.27602265153303,-0.00032952397832164415,
2025-12-26,2025-12-26,475.1900024414063,179.27602265153303,-0.021034181259704465,
2025-12-29,2025-12-29,459.6400146484375,179.27602265153303,-0.032723726747357684,
2025-12-30,2025-12-30,454.4299926757813,179.27602265153303,-0.01133500523587172,
2025-12-31,2025-12-31,449.7200012207031,179.27602265153303,-0.010364613980130888,
2026-01-02,2026-01-02,438.0700073242188,179.27602265153303,-0.02590499391813128,
2026-01-05,2026-01-05,451.6700134277344,179.27602265153303,0.031045280151877908,
2026-01-06,2026-01-06,432.9599914550781,179.27602265153303,-0.041424095947095174,
2026-01-07,2026-01-07,431.4100036621094,179.27602265153303,-0.0035799792672750463,
2026-01-08,2026-01-08,435.7999877929688,179.27602265153303,0.01017589785492734,
2026-01-09,2026-01-09,445.010009765625,179.27602265153303,0.02113359850994656,
2026-01-12,2026-01-12,448.9599914550781,179.27602265153303,0.00887616368794375,
2026-01-13,2026-01-13,447.2000122070313,179.27602265153303,-0.003920124914344236,
2026-01-14,2026-01-14,439.2000122070313,179.27602265153303,-0.017889087168218576,
2026-01-15,2026-01-15,438.5700073242188,179.27602265153303,-0.0014344373071545347,
2026-01-16,2026-01-16,437.5,179.27602265153303,-0.0024397640202235005,
2026-01-20,2026-01-20,419.25,179.27602265153303,-0.041714285714285704,
2026-01-21,2026-01-21,431.4400024414063,179.27602265153303,0.02907573629435012,
2026-01-22,2026-01-22,449.3599853515625,179.27602265153303,0.041535283721378935,
2026-01-23,2026-01-23,449.05999755859375,179.27602265153303,-0.0006675890216037983,
2026-01-26,2026-01-26,435.2000122070313,179.27602265153303,-0.030864440001146964,
2026-01-27,2026-01-27,430.8999938964844,179.27602265153303,-0.009880556502607218,
2026-01-28,2026-01-28,431.4599914550781,179.27602265153303,0.0012995998294869082,
2026-01-29,2026-01-29,416.55999755859375,179.27602265153303,-0.03453389466363932,
2026-01-30,2026-01-30,430.4100036621094,179.27602265153303,0.033248526466028494,
2026-02-02,2026-02-02,421.80999755859375,179.27602265153303,-0.019980962408733927,
2026-02-03,2026-02-03,421.9599914550781,179.27602265153303,0.0003555958781265023,
2026-02-04,2026-02-04,406.010009765625,179.27602265153303,-0.03779974882085746,
2026-02-05,2026-02-05,397.2099914550781,179.27602265153303,-0.02167438757390938,
2026-02-06,2026-02-06,411.1099853515625,179.27602265153303,0.03499406912088299,
2026-02-09,2026-02-09,417.3200073242188,179.27602265153303,0.015105500216312517,
2026-02-10,2026-02-10,425.2099914550781,179.27602265153303,0.018906316477488083,
2026-02-11,2026-02-11,428.2699890136719,179.27602265153303,0.00719643851293883,
2026-02-12,2026-02-12,417.0700073242188,179.27602265153303,-0.02615168463063966,
2026-02-13,2026-02-13,417.4400024414063,179.27602265153303,0.0008871295242764976,
2026-02-17,2026-02-17,410.6300048828125,179.27602265153303,-0.016313715788533467,
2026-02-18,2026-02-18,411.3200073242188,179.27602265153303,0.0016803507615164026,
2026-02-19,2026-02-19,411.7099914550781,179.27602265153303,0.0009481282794783219,
2026-02-20,2026-02-20,411.8200073242188,179.27602265153303,0.0002672169037041261,
2026-02-23,2026-02-23,399.8299865722656,179.27602265153303,-0.029114711618451472,
2026-02-24,2026-02-24,409.3800048828125,179.27602265153303,0.023885197787236967,
2026-02-25,2026-02-25,417.3999938964844,179.27602265153303,0.019590573349979934,
2026-02-26,2026-02-26,408.5799865722656,179.27602265153303,-0.021130827631028026,
2026-02-27,2026-02-27,402.510009765625,179.27602265153303,-0.014856275407819197,
2026-03-02,2026-03-02,403.3200073242188,179.27602265153303,0.00201236624914114,
2026-03-03,2026-03-03,392.4299926757813,179.27602265153303,-0.027000928420799375,
2026-03-04,2026-03-04,405.9400024414063,179.27602265153303,0.03442654745501761,
2026-03-05,2026-03-05,405.5499877929688,179.27602265153303,-0.0009607691927178141,
2026-03-06,2026-03-06,396.7300109863281,179.27602265153303,-0.021748186591348695,
2026-03-09,2026-03-09,398.6799926757813,179.27602265153303,0.004915135319874642,
2026-03-10,2026-03-10,399.239990234375,179.27602265153303,0.0014046291985589932,
2026-03-11,2026-03-11,407.8200073242188,179.27602265153303,0.02149087591352483,
2026-03-12,2026-03-12,395.010009765625,179.27602265153303,-0.03141091003024232,
2026-03-13,2026-03-13,391.2000122070313,179.27602265153303,-0.009645319015723963,
2026-03-16,2026-03-16,395.55999755859375,179.27602265153303,0.011145156481373153,
2026-03-17,2026-03-17,399.2699890136719,179.27602265153303,0.00937908655570907,
2026-03-18,2026-03-18,392.7799987792969,179.27602265153303,-0.016254640751756533,
2026-03-19,2026-03-19,380.2999877929688,179.27602265153303,-0.03177353995904608,
2026-03-20,2026-03-20,367.9599914550781,179.27602265153303,-0.032448058727281515,
2026-03-23,2026-03-23,380.8500061035156,179.27602265153303,0.035031022251806876,
2026-03-24,2026-03-24,383.0299987792969,179.27602265153303,0.005724019012326664,
2026-03-25,2026-03-25,385.9500122070313,179.27602265153303,0.007623458833617258,
2026-03-26,2026-03-26,372.1099853515625,179.27602265153303,-0.03585963575004303,
2026-03-27,2026-03-27,361.8299865722656,179.27602265153303,-0.027626237359861583,
2026-03-30,2026-03-30,355.2799987792969,179.27602265153303,-0.018102390725044493,
2026-03-31,2026-03-31,371.75,179.27602265153303,0.04635780589195071,
2026-04-01,2026-04-01,381.260009765625,179.27602265153303,0.025581734406523227,
2026-04-02,2026-04-02,360.5899963378906,179.27602265153303,-0.05421500524128142,
2026-04-06,2026-04-06,352.82000732421875,179.27602265153303,-0.021547988276388597,
2026-04-07,2026-04-07,346.6499938964844,179.27602265153303,-0.017487708462248674,
2026-04-08,2026-04-08,343.25,179.27602265153303,-0.009808146419583275,
2026-04-09,2026-04-09,345.6199951171875,179.27602265153303,0.006904574267115882,
2026-04-10,2026-04-10,348.95001220703125,179.27602265153303,0.009634908676839249,
2026-04-13,2026-04-13,352.4200134277344,179.27602265153303,0.009944121218842028,
2026-04-14,2026-04-14,364.2000122070313,179.27602265153303,0.033426021027357145,
2026-04-15,2026-04-15,391.9500122070313,179.27602265153303,0.07619439612820589,
2026-04-16,2026-04-16,388.8999938964844,179.27602265153303,-0.007781651270713286,
2026-04-17,2026-04-17,400.6199951171875,179.27602265153303,0.03013628543234881,
2026-04-20,2026-04-20,392.5,179.27602265153303,-0.02026857175416885,
2026-04-21,2026-04-21,386.4200134277344,179.27602265153303,-0.015490411649084379,
2026-04-22,2026-04-22,387.510009765625,179.27602265153303,0.0028207553957204645,
2026-04-23,2026-04-23,373.7200012207031,179.27602265153303,-0.03558619957523779,
2026-04-24,2026-04-24,376.2999877929688,179.27602265153303,0.0069035282132037246,
2026-04-27,2026-04-27,378.6700134277344,179.27602265153303,0.0062982346841571335,
2026-04-28,2026-04-28,376.0199890136719,179.27602265153303,-0.006998242057971282,
2026-04-29,2026-04-29,372.7999877929688,179.27602265153303,-0.008563377785179349,
2026-04-30,2026-04-30,381.6300048828125,179.27602265153303,0.023685668935019777,
2026-05-01,2026-05-01,390.8200073242188,179.27602265153303,0.024080922159745555,
2026-05-04,2026-05-04,392.510009765625,179.27602265153303,0.004324247504565948,
2026-05-05,2026-05-05,389.3699951171875,179.27602265153303,-0.007999833304410453,
2026-05-06,2026-05-06,398.7300109863281,179.27602265153303,0.024038873016714035,
2026-05-07,2026-05-07,411.7900085449219,179.27602265153303,0.03275398690529352,
2026-05-08,2026-05-08,428.3500061035156,179.27602265153303,0.040214665764012114,
2026-05-11,2026-05-11,445.0,179.27602265153303,0.038870068073398656,
2026-05-12,2026-05-12,433.4500122070313,179.27602265153303,-0.02595502874824429,
2026-05-13,2026-05-13,445.2699890136719,179.27602265153303,0.027269526989873283,
2026-05-14,2026-05-14,443.2999877929688,179.27602265153303,-0.004424284747029272,
2026-05-15,2026-05-15,422.239990234375,179.27602265153303,-0.04750732717915007,
2026-05-18,2026-05-18,409.989990234375,179.27602265153303,-0.029011937010514632,
2026-05-19,2026-05-19,404.1099853515625,179.27602265153303,-0.014341825466156255,
2026-05-20,2026-05-20,417.260009765625,179.27602265153303,0.0325407064678751,
2026-05-21,2026-05-21,417.8500061035156,179.27602265153303,0.0014139776735901943,
2026-05-22,2026-05-22,426.010009765625,179.27602265153303,0.019528547428303344,
2026-05-26,2026-05-26,433.5899963378906,179.27602265153303,0.017792977626126305,
2026-05-27,2026-05-27,440.3599853515625,179.27602265153303,0.015613803526030035,
2026-05-28,2026-05-28,442.1000061035156,179.27602265153303,0.003951359818862743,
2026-05-29,2026-05-29,435.7900085449219,179.27602265153303,-0.014272783242432974,
2026-06-01,2026-06-01,415.8800048828125,179.27602265153303,-0.045687150397476395,
2026-06-02,2026-06-02,423.739990234375,179.27602265153303,0.018899647156100485,
2026-06-03,2026-06-03,423.7000122070313,179.27602265153303,-9.434565598021027e-05,
2026-06-04,2026-06-04,418.4500122070313,179.27602265153303,-0.012390842220308285,
2026-06-05,2026-06-05,391.0,179.27602265153303,-0.06559926253138737,
2026-06-08,2026-06-08,408.9500122070313,179.27602265153303,0.045907959608775695,
2026-06-09,2026-06-09,396.6799926757813,179.27602265153303,-0.03000371479396924,
2026-06-10,2026-06-10,381.5899963378906,179.27602265153303,-0.038040729596927725,
2026-06-11,2026-06-11,399.1499938964844,179.27602265153303,0.046017971453959916,
2026-06-12,2026-06-12,406.4299926757813,179.27602265153303,0.018238754580026217,
2026-06-15,2026-06-15,411.1499938964844,179.27602265153303,0.011613319158924273,
2026-06-16,2026-06-16,404.6600036621094,179.27602265153303,-0.015784969793794956,
2026-06-17,2026-06-17,396.3800048828125,179.27602265153303,-0.02046161890071707,
2026-06-18,2026-06-18,400.489990234375,179.27602265153303,0.010368800900483421,
2026-06-22,2026-06-22,405.0499877929688,179.27602265153303,0.011386046267786165,
2026-06-23,2026-06-23,381.6099853515625,179.27602265153303,-0.05786940661108497,
2026-06-24,2026-06-24,375.5299987792969,179.27602265153303,-0.0159324619523894,
2026-06-25,2026-06-25,375.1199951171875,179.27602265153303,-0.00109180002514353,
2026-06-26,2026-06-26,379.7099914550781,179.27602265153303,0.01223607484974698,
2026-06-29,2026-06-29,411.8399963378906,179.27602265153303,0.08461722263269356,
